coroner_name,count,Unknown title,Senior Coroner,Area Coroner,Assistant Coroner
Ms Mary Hassell,21,0,21,0,0
Mr Darren Stewart OBE,20,0,0,20,0
Mr Ian Potter,19,0,0,0,19
Ms Alison Patricia Mutch OBE,17,0,17,0,0
Ms Sonia Marie Hayes,16,0,0,16,0
Mr David Donald William Reid,15,0,15,0,0
Mr graeme Irvine,14,0,14,0,0
Mr Andrew Cox,13,0,13,0,0
Mr Andrew Walker,12,0,12,0,0
Mr Chris Morris,12,0,0,12,0
Mr Timothy William Brennand,12,0,12,0,0
Mr Paul Vernon Marks,11,0,11,0,0
Mr Hassan Shah,10,0,0,0,10
Mr Sean Kevan Horstead,10,0,0,10,0
Mrs Rachael Clare Griffin,9,0,9,0,0
Mr Guy Davies,9,0,0,0,9
Dr Séan Cummings,8,0,0,0,8
Miss Rachel Elisabeth Knight,8,0,0,0,8
Mrs Louise Hunt,8,0,8,0,0
Mrs Joanne Andrews,8,0,0,8,0
Mrs lydia brown,7,0,7,0,0
Ms Caroline Saunders,7,0,7,0,0
Mr Robert Cohen,7,0,0,0,7
Mrs Rebecca Sutton,7,0,0,0,7
Ms Nadia Persaud,7,0,0,7,0
Mr Nicholas Graham,7,0,0,0,7
Dr Richard Ian Brittain,7,0,0,0,7
Dr Elizabeth Didcock,7,0,0,0,7
Dr Fiona Jane Wilcox,7,0,7,0,0
Mr Joseph Turner,7,0,0,0,7
