coroner_name,count
Ms Mary Hassell,24
Mr Ian Potter,21
Ms Alison Patricia Mutch OBE,20
Ms Sonia Marie Hayes,19
Mr Darren Stewart OBE,19
Mr Chris Morris,15
Mr Andrew Cox,15
Mr David Donald William Reid,14
Mr graeme Irvine,14
Mr Paul Vernon Marks,13
Mr Timothy William Brennand,12
Mr Andrew Walker,12
Mr Sean Kevan Horstead,11
Mrs Louise Hunt,11
Mr Guy Davies,10
Mr Hassan Shah,10
Ms Caroline Saunders,10
Mr Joseph Turner,10
Mrs Joanne Andrews,10
Ms Joanne Kearsley,9
Dr Richard Ian Brittain,9
Mrs Rachael Clare Griffin,9
Mrs lydia brown,9
Miss Rachel Elisabeth Knight,9
Mr David Place,8
Ms Penelope Schofield,8
Mr Robert Cohen,8
Ms Melanie Lee,8
Ms Nicola Jane Mundy,8
Mr Robert Simpson,7
