category,count
Hospital Death (Clinical Procedures and medical management) related deaths,222
Suicide (from 2015),127
"Alcohol, drug and medication related deaths",94
Mental Health related deaths,66
Child Death (from 2015),65
Community health care and emergency services related deaths,53
Other related deaths,51
Road (Highways Safety) related deaths,46
State Custody related deaths,43
Emergency services related deaths (2019 onwards),42
Care Home Health related deaths,38
Wales prevention of future deaths reports (2019 onwards),33
Police related deaths,19
Railway related deaths,9
Product related deaths,9
Accident at Work and Health and Safety related deaths,8
