coroner_area,count
London Inner North,61
Greater Manchester South,56
Essex,44
"West Sussex, Brighton and Hove",39
Birmingham and Solihull,30
East Riding of Yorkshire and Kingston-upon-Hull,29
Suffolk,29
Nottinghamshire,29
Cornwall and the Isles of Scilly,25
South Wales Central,24
London East,22
Kent and Medway,21
Northamptonshire,20
Worcestershire,20
Greater Manchester West,20
Cheshire,19
Cumbria,19
Surrey,19
Dorset,19
"County of Devon, Plymouth & Torbay",19
Yorkshire West Western,18
London West,17
"Hampshire, Portsmouth and Southampton",16
County Durham and Darlington,15
Gwent,14
Yorkshire South East,14
London North,13
Lancashire and Blackburn with Darwen,13
London Inner West,13
Yorkshire South West,12
North Wales (East & Central),12
Yorkshire West Eastern,12
London South,11
Berkshire,11
London Inner South,11
Staffordshire and Stoke-on-Trent,11
Sunderland,10
Greater Manchester North,10
Liverpool and the Wirral,10
Milton Keynes,10
Bedfordshire and Luton,10
Oxfordshire,10
The Black Country Jurisdiction,9
Norfolk,9
Swansea and Neath Port Talbot,8
Somerset,8
Blackpool and Fylde,8
Avon,8
Gloucestershire,7
Warwickshire,7
Northumberland,7
"Shropshire, Telford and Wrekin",7
Wiltshire and Swindon,7
Derby and Derbyshire,7
North Yorkshire and York,7
Teesside and Hartlepool,6
East Sussex,6
Greater Lincolnshire,6
Newcastle and North Tyneside,5
Coventry,5
Cambridgeshire and Peterborough,5
Rutland and North Leicestershire,5
Gateshead and South Tyneside,5
Buckinghamshire,4
Leicester City and South Leicestershire,4
Herefordshire,4
North East Kent,4
London City,4
Ian Potter,3
Carmarthenshire and Pembrokeshire,2
"Sefton, Knowsley and St Helens",2
Ceredigion,1
Manchester,1
Manchester City,1
"Devon, Plymouth & Torbay",1
Hertfordshire,1
South Wales Wales,1
North West Wales,1
North West Kent,1
South Yorkshire,1
