Coroner area,Total PFDs,Sent to,Replies,completed,partial,overdue,% completed
London Inner North,48,77,81,41,5,2,"53,25"
Greater Manchester South,47,70,61,36,2,9,"51,43"
Essex,40,67,65,33,5,2,"49,25"
Suffolk,28,46,39,21,4,3,"45,65"
"West Sussex, Brighton and Hove",27,51,40,19,5,3,"37,25"
East Riding of Yorkshire and Kingston-upon-Hull,26,44,39,19,5,2,"43,18"
Birmingham and Solihull,25,47,39,21,3,0,"44,68"
Nottinghamshire,24,50,44,19,3,2,"38,0"
Kent and Medway,23,37,55,21,1,1,"56,76"
Cornwall and the Isles of Scilly,22,30,24,18,2,2,"60,0"
London East,22,41,30,16,1,5,"39,02"
Worcestershire,21,24,24,19,0,2,"79,17"
South Wales Central,20,43,25,11,4,5,"25,58"
Cheshire,19,25,21,14,2,3,"56,0"
"County of Devon, Plymouth & Torbay",17,25,23,14,3,0,"56,0"
Greater Manchester West,17,26,26,14,1,2,"53,85"
Northamptonshire,17,33,25,11,2,3,"33,33"
County Durham and Darlington,16,20,21,13,1,2,"65,0"
Cumbria,16,20,25,14,1,1,"70,0"
"Hampshire, Portsmouth and Southampton",16,23,22,13,2,1,"56,52"
Dorset,15,44,36,10,4,1,"22,73"
Surrey,15,40,30,8,5,2,"20,0"
London West,13,41,37,9,2,2,"21,95"
London North,13,23,22,11,1,1,"47,83"
London Inner West,13,35,29,9,4,0,"25,71"
Gwent,12,20,11,8,2,2,"40,0"
Yorkshire South East,12,12,13,10,0,2,"83,33"
Yorkshire South West,12,18,20,11,1,0,"61,11"
Lancashire and Blackburn with Darwen,11,16,13,7,1,2,"43,75"
Milton Keynes,11,26,20,7,3,1,"26,92"
Berkshire,10,14,17,9,0,1,"64,29"
Yorkshire West Western,10,19,14,7,1,2,"36,84"
Bedfordshire and Luton,10,18,13,9,0,1,"50,0"
North Wales (East & Central),9,13,10,7,1,1,"53,85"
The Black Country Jurisdiction,9,12,14,9,0,0,"75,0"
Yorkshire West Eastern,9,16,16,7,0,2,"43,75"
London South,9,23,7,3,2,4,"13,04"
Oxfordshire,9,10,11,8,0,1,"80,0"
Avon,8,13,13,7,1,0,"53,85"
Norfolk,8,9,9,7,0,1,"77,78"
Blackpool and Fylde,8,12,10,6,0,2,"50,0"
London Inner South,8,15,17,4,1,2,"26,67"
Sunderland,8,10,9,7,0,1,"70,0"
Derby and Derbyshire,7,12,12,4,1,0,"33,33"
Wiltshire and Swindon,7,9,12,5,1,1,"55,56"
Warwickshire,7,22,19,3,4,0,"13,64"
North Yorkshire and York,7,8,7,5,0,2,"62,5"
Greater Manchester North,7,22,18,5,2,0,"22,73"
Liverpool and the Wirral,6,9,6,5,1,0,"55,56"
East Sussex,6,11,11,6,0,0,"54,55"
Northumberland,6,11,11,6,0,0,"54,55"
Staffordshire and Stoke-on-Trent,6,13,12,5,1,0,"38,46"
Greater Lincolnshire,6,15,14,5,1,0,"33,33"
"Shropshire, Telford and Wrekin",5,7,7,5,0,0,"71,43"
Gloucestershire,5,6,4,3,0,2,"50,0"
Somerset,5,9,8,4,0,1,"44,44"
Swansea and Neath Port Talbot,5,9,10,5,0,0,"55,56"
Teesside and Hartlepool,4,10,10,3,0,1,"30,0"
Coventry,4,18,7,1,1,1,"5,56"
Cambridgeshire and Peterborough,4,12,10,2,1,1,"16,67"
Rutland and North Leicestershire,4,7,6,3,1,0,"42,86"
London City,4,6,6,4,0,0,"66,67"
Herefordshire,4,7,7,4,0,0,"57,14"
Leicester City and South Leicestershire,4,5,6,4,0,0,"80,0"
Gateshead and South Tyneside,4,5,6,3,1,0,"60,0"
Newcastle and North Tyneside,4,4,2,2,0,2,"50,0"
Buckinghamshire,3,6,2,1,1,1,"16,67"
North East Kent,3,4,4,3,0,0,"75,0"
Ian Potter,3,3,8,3,0,0,"100,0"
"Sefton, Knowsley and St Helens",2,3,2,1,1,0,"33,33"
Carmarthenshire and Pembrokeshire,2,5,4,1,1,0,"20,0"
Ceredigion,1,2,2,1,0,0,"50,0"
Manchester,1,1,1,1,0,0,"100,0"
"Devon, Plymouth & Torbay",1,1,1,1,0,0,"100,0"
Hertfordshire,1,1,1,1,0,0,"100,0"
South Wales Wales,1,1,0,0,0,1,"0,0"
North West Wales,1,1,1,1,0,0,"100,0"
North West Kent,1,2,1,0,1,0,"0,0"
South Yorkshire,1,1,1,1,0,0,"100,0"
