coroner_name,Total PFDs,sent to count,replies count,completed,partial,overdue,% completed
Ms Mary Hassell,21,31,37,17,2,2,"54,84"
Mr Darren Stewart OBE,20,34,28,14,4,2,"41,18"
Mr Ian Potter,19,25,32,17,1,1,"68,0"
Ms Alison Patricia Mutch OBE,17,28,23,12,1,4,"42,86"
Ms Sonia Marie Hayes,16,24,27,14,1,1,"58,33"
Mr David Donald William Reid,15,15,16,14,0,1,"93,33"
Mr graeme Irvine,14,29,20,9,1,4,"31,03"
Mr Andrew Cox,13,20,17,11,2,0,"55,0"
Mr Andrew Walker,12,19,20,11,0,1,"57,89"
Mr Chris Morris,12,13,13,11,0,1,"84,62"
Mr Timothy William Brennand,12,16,15,10,0,2,"62,5"
Mr Paul Vernon Marks,11,14,13,9,2,0,"64,29"
Mr Hassan Shah,10,25,20,6,2,1,"24,0"
Mr Sean Kevan Horstead,10,19,17,8,2,0,"42,11"
Mrs Rachael Clare Griffin,9,28,23,6,2,1,"21,43"
Mr Guy Davies,9,10,7,7,0,2,"70,0"
Dr Séan Cummings,8,24,14,4,2,2,"16,67"
Miss Rachel Elisabeth Knight,8,24,12,4,2,2,"16,67"
Mrs Louise Hunt,8,15,14,7,1,0,"46,67"
Mrs Joanne Andrews,8,14,12,5,1,2,"35,71"
Mrs lydia brown,7,16,17,6,1,0,"37,5"
Ms Caroline Saunders,7,10,8,5,2,0,"50,0"
Mr Robert Cohen,7,7,8,6,0,1,"85,71"
Mrs Rebecca Sutton,7,11,12,5,1,1,"45,45"
Ms Nadia Persaud,7,10,10,7,0,0,"70,0"
Mr Nicholas Graham,7,7,6,6,0,1,"85,71"
Dr Richard Ian Brittain,7,15,12,5,1,0,"33,33"
Dr Elizabeth Didcock,7,13,11,5,0,2,"38,46"
Dr Fiona Jane Wilcox,7,13,11,5,2,0,"38,46"
Mr Joseph Turner,7,8,7,6,1,0,"75,0"
Mrs LINDA KAREN HADFIELD LEE,7,31,21,3,3,1,"9,68"
Ms Melanie Lee,7,10,9,6,0,1,"60,0"
Ms Nicola Jane Mundy,7,7,6,6,0,1,"85,71"
Mr Crispin Oliver,6,10,9,5,1,0,"50,0"
Ms Kate Robertson,6,9,5,4,1,1,"44,44"
Mr Oliver Robert Longstaff,6,12,15,6,0,0,"50,0"
Mrs Emma Elizabeth Whitting,6,8,8,6,0,0,"75,0"
Ms Abigail Combes,6,7,7,6,0,0,"85,71"
Mr Robert Simpson,6,7,6,5,0,1,"71,43"
Mr Stephen Simblet KC,6,10,8,4,1,1,"40,0"
Mr Nigel Parsley,6,10,10,6,0,0,"60,0"
Mrs Elizabeth Wheeler,6,6,6,6,0,0,"100,0"
Ms Joanne Kearsley,6,21,17,4,2,0,"19,05"
Mrs Victoria Davies,6,9,8,4,1,1,"44,44"
Ms Catherine Wood,6,9,15,6,0,0,"66,67"
Miss Sarah Murphy,6,7,5,3,0,3,"42,86"
Mr David Place,6,8,7,5,0,1,"62,5"
Mr Zafar Siddique,5,8,10,5,0,0,"62,5"
Mrs Charlotte Keighley,5,12,6,2,1,2,"16,67"
Mr Brendan Joseph Allen,5,15,12,3,2,0,"20,0"
Mr Christopher John Long,5,8,7,3,0,2,"37,5"
Mr Andrew Michael Bridgman,5,12,9,3,1,1,"25,0"
Miss Sally Anne Robinson,5,12,8,3,1,1,"25,0"
Mr Andrew David Cousins,5,5,10,5,0,0,"100,0"
Miss Lorraine Harris,5,8,4,2,2,1,"25,0"
Ms Sarah Bourke,5,12,11,4,1,0,"33,33"
Mrs Heidi Julia Connor,5,8,12,5,0,0,"62,5"
Ms Penelope Schofield,5,12,5,2,2,1,"16,67"
Ms Alexandra Pountney,5,15,12,3,2,0,"20,0"
Miss Sarah Anna Middleton,4,4,4,4,0,0,"100,0"
Mr Aled Wyn Gruffydd,4,6,7,4,0,0,"66,67"
Mr Alan Wilson,4,7,6,3,0,1,"42,86"
Miss Emma Brown,4,15,10,3,1,0,"20,0"
Mr Benjamin John Myers,4,4,4,4,0,0,"100,0"
Mr Paul Duncan Smith,4,10,10,4,0,0,"40,0"
Mr Nathanael James Hartley,4,6,6,4,0,0,"66,67"
Mr Michael James Pemberton,4,8,8,3,1,0,"37,5"
Mrs Anita Bhardwaj,4,8,4,2,2,0,"25,0"
Ms Anna Morris,4,4,4,2,0,2,"50,0"
Ms Alison Brydie Hewitt,4,6,6,4,0,0,"66,67"
Ms Jyoti Gill,4,6,5,3,0,1,"50,0"
Mrs Tanyka Samantha Rawden,4,5,8,4,0,0,"80,0"
Mr Adam Hodson,4,8,6,2,1,0,"25,0"
Mr Henry Frederick Charles,4,9,10,4,0,0,"44,44"
Mr John Gittins,4,5,6,4,0,0,"80,0"
Mr Nicholas Leslie Rheinberg,4,4,9,4,0,0,"100,0"
Mr Edward Steele,4,11,15,4,0,0,"36,36"
Mr Nicholas Lane,3,4,4,3,0,0,"75,0"
Mr Peter Judge,3,3,3,3,0,0,"100,0"
Mr Nicholas Walker,3,4,3,2,1,0,"50,0"
Ms Catherine Cundy,3,3,1,1,0,2,"33,33"
Mr Tom Osborne,3,6,5,2,1,0,"33,33"
Mr Thomas Crookes,3,3,1,1,0,2,"33,33"
Mr Philip Spinney,3,7,7,2,1,0,"28,57"
Mr Peter Nieto,3,4,4,3,0,0,"75,0"
Mr Roland Wooderson,3,4,3,2,0,1,"50,0"
Mr Scott Matthewson,3,3,9,3,0,0,"100,0"
Mr Simon Brenchley,3,3,3,3,0,0,"100,0"
Mr Rob Sowersby,3,5,7,3,0,0,"60,0"
Mrs Alison Longhorn,3,3,3,3,0,0,"100,0"
Mrs Joanne Lees,3,3,3,3,0,0,"100,0"
Mrs Anna Loxton,3,5,4,2,1,0,"40,0"
Mr Stephen Covell,3,5,3,2,1,0,"40,0"
Mrs Dianne Hocking,3,3,4,3,0,0,"100,0"
Mrs Deborah Rachel Lakin,3,3,3,3,0,0,"100,0"
Mrs Helen Rachel Redman,3,4,4,3,0,0,"75,0"
Miss Ana samuel,3,3,3,3,0,0,"100,0"
Mr Adrian John Farrow,3,4,4,3,0,0,"75,0"
Miss Sarah Clarke,3,6,6,3,0,0,"50,0"
Miss Laurinda Bower,3,7,5,2,1,0,"28,57"
Miss Emma Serrano,3,6,6,3,0,0,"50,0"
Mr David Lewis,3,3,3,3,0,0,"100,0"
Mr Crispin Giles Butler,3,6,2,1,1,1,"16,67"
Mr Andrew Philip Hetherington,3,8,8,3,0,0,"37,5"
Mr James Edward Thompson,3,3,5,3,0,0,"100,0"
Mr John Penhale Ellery,3,3,3,3,0,0,"100,0"
Mr Graeme David Hughes,3,3,3,3,0,0,"100,0"
Mr Ian Brownhill,3,6,11,3,0,0,"50,0"
Mr Jacques Howell,3,5,5,3,0,0,"60,0"
Dr Julian Rupert Laurence Morris,3,5,8,3,0,0,"60,0"
Dr Daniel Sharpstone,3,3,3,2,0,1,"66,67"
Dr Karen Henderson,3,13,11,1,2,0,"7,69"
Miss Bina Patel,3,5,5,3,0,0,"60,0"
Miss Kirsty Gomersal,3,4,3,2,1,0,"50,0"
Miss Sian Reeves,3,5,2,1,1,1,"20,0"
Dr Andrew Harris,3,15,3,0,1,2,"0,0"
Ms Sophie Lomas,3,3,2,2,0,1,"66,67"
Ms Deborah Archer,3,4,3,2,1,0,"50,0"
Mrs Laura May Bradford,3,7,7,3,0,0,"42,86"
Ms Vanessa McKinlay,3,3,2,2,0,1,"66,67"
Ms Patricia Harding,3,5,5,3,0,0,"60,0"
Mrs SARAH LOUISE SLATER,3,3,2,2,0,1,"66,67"
Mrs Samantha Goward,3,3,2,2,0,1,"66,67"
Miss Isobel Thistlethwaite,2,3,4,2,0,0,"66,67"
Margaret Taylor,2,2,2,2,0,0,"100,0"
Miss Janine Richards,2,2,3,2,0,0,"100,0"
Miss Sarah Jane Wood,2,5,5,2,0,0,"40,0"
Miss Kerrie Burge,2,4,2,0,2,0,"0,0"
Dr Jeane Rosa Mellani,2,5,5,2,0,0,"40,0"
Dr James Adeley,2,2,2,2,0,0,"100,0"
Gillian Kane,2,3,3,2,0,0,"66,67"
Dr Liliane Marthe Field,2,6,5,1,0,1,"16,67"
Kate Bisset,2,2,1,1,0,0,"50,0"
Miss Anna Crawford,2,2,2,2,0,0,"100,0"
Miss Clare Bailey,2,8,9,2,0,0,"25,0"
Richard Furniss,2,5,2,1,0,1,"20,0"
Mrs Marilyn Whittle,2,4,2,1,1,0,"25,0"
Ms Louise Wiltshire,2,2,3,2,0,0,"100,0"
Ms Rebecca Anne Mundy,2,3,3,2,0,0,"66,67"
Ms Susan Ridge,2,4,3,1,0,1,"25,0"
Ms Johanna Thompson,2,3,3,2,0,0,"66,67"
Ms Leila Benyounes,2,4,1,0,1,1,"0,0"
Ms Jacqueline P Devonish,2,2,2,2,0,0,"100,0"
Ms Ellie Oakley,2,6,5,1,1,0,"16,67"
Mr Simon Tait,2,2,5,2,0,0,"100,0"
Mr Peter Taheri,2,3,2,1,0,1,"33,33"
Mr Richard Travers,2,8,3,0,2,0,"0,0"
Mr james puzey,2,5,5,2,0,0,"40,0"
Mr Simon Milburn,2,2,1,1,0,1,"50,0"
Mr Simon Nicholas Burge,2,3,3,2,0,0,"66,67"
Mr Paul Michael Appleton,2,2,1,1,0,1,"50,0"
Mr Paul John Rogers,2,7,7,2,0,0,"28,57"
Mrs Karen Taylor,2,7,7,2,0,0,"28,57"
Mrs Patricia Morgan,2,5,5,2,0,0,"40,0"
Mrs Rosamund Rhodes-Kemp,2,3,1,0,1,1,"0,0"
Mrs Samantha Marsh,2,6,6,2,0,0,"33,33"
Mrs Anne Pember,2,2,2,2,0,0,"100,0"
Mrs Deborah Suzanne Rookes,2,2,3,2,0,0,"100,0"
Mr Jason Pegg,2,2,2,2,0,0,"100,0"
Mr James Bennett,2,3,3,2,0,0,"66,67"
Mr Gareth jones,2,2,2,2,0,0,"100,0"
Mr Gavin Knox,2,3,2,1,0,1,"33,33"
Mr Frazer Stuart,2,2,2,2,0,0,"100,0"
Mr Jonathan D P Stevens,2,7,3,0,2,0,"0,0"
Mr Heath Westerman,2,4,4,2,0,0,"50,0"
Mr Martin Lanchester,2,7,1,1,0,1,"14,29"
Mr Andrew Morse,2,2,1,1,0,1,"50,0"
Dr Nick Armstrong KC,2,3,3,2,0,0,"66,67"
Miss Caroline Topping,1,7,8,1,0,0,"14,29"
Miss Bronia Elisabeth Hartley,1,2,3,1,0,0,"50,0"
M Vision,1,1,1,1,0,0,"100,0"
Miss Karen Boyle,1,1,2,1,0,0,"100,0"
Miss Fiona Butler,1,3,1,0,1,0,"0,0"
Miss Deborah Sewell,1,2,1,0,1,0,"0,0"
Dr Leslie Hamilton,1,1,0,0,0,1,"0,0"
Dr Nicholas Alastair Shaw,1,4,4,1,0,0,"25,0"
Miss Naomi McLoughlin,1,1,0,0,0,1,"0,0"
Miss Louise Pinder,1,1,1,1,0,0,"100,0"
Miss Kelly Elizabeth Dixon,1,2,2,1,0,0,"50,0"
Miss Sabyta Kaushal,1,2,1,0,1,0,"0,0"
Miss Georgina Nolan,1,1,1,1,0,0,"100,0"
Miss Jayne Wilkes,1,3,3,1,0,0,"33,33"
Dr Shirley Radcliffe,1,2,0,0,0,1,"0,0"
John Thompson,1,1,1,1,0,0,"100,0"
Alan Anthony,1,2,2,1,0,0,"50,0"
Dr Anton van Dellen,1,2,2,1,0,0,"50,0"
Christopher Murray,1,3,3,1,0,0,"33,33"
Deborah Stewart,1,1,1,1,0,0,"100,0"
Beth Brown,1,1,1,1,0,0,"100,0"
Dr Peter Harrowing,1,4,1,0,1,0,"0,0"
Miss Susan Evans,1,5,4,0,0,0,"0,0"
Mr Alan James Blunsdon,1,2,1,0,1,0,"0,0"
Mr Martin Dominic Fleming,1,1,1,1,0,0,"100,0"
Mr Mark Armitage,1,1,1,1,0,0,"100,0"
Mr Lincoln Brookes,1,2,1,0,1,0,"0,0"
Mr Kimberley Ian Singleton,1,1,1,1,0,0,"100,0"
Mr Jonathan Richard Heath,1,1,2,1,0,0,"100,0"
Mr James Newman,1,1,1,1,0,0,"100,0"
Mr John C Taylor,1,1,0,0,0,1,"0,0"
Mr John Hobson,1,1,1,1,0,0,"100,0"
Mr Jeremy Chipperfield,1,1,1,1,0,0,"100,0"
Mr Geoffrey Sullivan,1,1,1,1,0,0,"100,0"
Mr Gordon Clow,1,1,1,1,0,0,"100,0"
Mr Grant Davies,1,1,0,0,0,1,"0,0"
Mr Harry Nathaniel Lambert,1,1,2,1,0,0,"100,0"
Mr Ian Christopher James Dreelan,1,1,1,1,0,0,"100,0"
Mr J Mark Layton,1,4,3,0,1,0,"0,0"
Mr Ivor Collett,1,1,1,1,0,0,"100,0"
Mr David William Graham RIDLEY,1,3,2,0,1,0,"0,0"
Mr David Regan,1,1,0,0,0,1,"0,0"
Mr David Manknell KC,1,2,1,0,1,0,"0,0"
Mr David Heming,1,8,8,1,0,0,"12,5"
Mr Daniel Howe,1,3,3,1,0,0,"33,33"
Mr Carl John FITCH,1,1,1,1,0,0,"100,0"
Mr Bernard Richmond QC,1,3,3,1,0,0,"33,33"
Mr Alexander Miles Frodsham,1,1,1,1,0,0,"100,0"
Mr Edwin Buckett,1,3,1,0,1,0,"0,0"
Mr Edward Ramsay,1,3,3,1,0,0,"33,33"
Mr Edmund Gritt,1,1,1,1,0,0,"100,0"
Mr Gareth Lewis,1,1,1,1,0,0,"100,0"
Mr Adam Smith,1,1,1,1,0,0,"100,0"
Miss Thea Wilson,1,1,1,1,0,0,"100,0"
Mr Michael Walsh,1,1,1,1,0,0,"100,0"
Mr Simon Connolly,1,1,1,1,0,0,"100,0"
Mrs Jacqueline F Lake,1,1,1,1,0,0,"100,0"
Mrs Helen Rimmer,1,1,1,1,0,0,"100,0"
Mrs Hannah Victoria Berry,1,3,4,1,0,0,"33,33"
Mrs Gaynor Kynaston,1,2,0,0,0,1,"0,0"
Mrs Emma Mather,1,3,2,0,1,0,"0,0"
Mr Tim Holloway,1,1,0,0,0,1,"0,0"
Mr christopher paul williams,1,2,0,0,0,1,"0,0"
Mrs Catherine Mason DL,1,2,2,1,0,0,"50,0"
Mr Xavier Mooyaart,1,2,0,0,0,1,"0,0"
Mr Richard Thomas Middleton,1,1,1,1,0,0,"100,0"
Mr Robin Weyell,1,1,1,1,0,0,"100,0"
Mr Matthew Kewley,1,0,2,0,0,0,0
Mrs LOUISA ALICE ELIZABETH JONES CORCORAN,1,2,2,1,0,0,"50,0"
Mrs Priya Malhotra,1,6,3,0,1,0,"0,0"
Mrs Rebecca Connell,1,1,1,1,0,0,"100,0"
Mrs Rose farmer,1,1,0,0,0,1,"0,0"
Ms Elizabeth Gray,1,2,1,0,1,0,"0,0"
Ms Catherine McKenna,1,1,1,1,0,0,"100,0"
Mrs Sarah L. Whitby,1,1,1,1,0,0,"100,0"
Mrs Lindsey Tonks,1,2,1,0,1,0,"0,0"
Mrs Maria Eileen Voisin,1,1,1,1,0,0,"100,0"
Ms Hannah Godfrey,1,1,1,1,0,0,"100,0"
Ms Jenny Goldring,1,0,3,0,0,0,0
Ms Judith Vanessa Leach,1,2,4,1,0,0,"50,0"
Ms Marianne Johnson,1,2,1,0,1,0,"0,0"
Ms Sarah Huntbach,1,1,1,1,0,0,"100,0"
Ms Paramdeep Bains,1,1,1,1,0,0,"100,0"
Ms Rebecca Ollivere,1,1,1,1,0,0,"100,0"
Ms Valerie Charbit,1,14,13,0,1,0,"0,0"
Ms Yvonne Kathleen Blake,1,1,2,1,0,0,"100,0"
Ronald Wooderson,1,1,0,0,0,1,"0,0"
Sir John Saunders,1,2,1,0,1,0,"0,0"
