sent_to,no. PFDs,no. recipients,no. replies,no. complete responses,no. partial responses,no. overdue responses,no. pending responses
Department of Health and Social Care,147,403,354,112,25,9,1
NHS England,129,344,286,95,23,9,2
REDACTED,37,144,59,9,11,16,1
Department for Transport,29,69,58,21,7,1,0
Home Office,26,52,43,17,5,4,0
Ministry of Justice,25,65,36,10,11,4,0
HM Prison and Probation Service,24,69,49,15,8,1,0
Care Quality Commission,21,80,58,11,7,3,0
National Institute for Health and Care Excellence,17,56,50,12,5,0,0
National Highways,13,19,18,11,2,0,0
College of Policing,13,41,33,7,5,1,0
Health and Safety Executive,13,45,39,8,5,0,0
Medicines and Healthcare Products Regulatory Agency,11,39,20,5,1,4,1
Department for Education,9,29,13,3,4,2,0
NHS Greater Manchester Integrated Care Board,9,20,21,8,0,1,0
"Ministry of Housing, Communities and Local Government",9,19,14,5,3,1,0
University Hospitals Birmingham NHS Foundation Trust,9,12,11,8,0,0,1
Barts Health NHS Trust,8,18,12,6,0,2,0
Essex Partnership University NHS Foundation Trust,8,16,15,6,2,0,0
Metropolitan Police Service,8,17,13,4,3,1,0
East Midlands Ambulance Service NHS Trust,8,26,23,6,1,1,0
Betsi Cadwaladr University Health Board,7,16,10,6,1,0,0
Sussex Partnership NHS Foundation Trust,7,10,10,7,0,0,0
Practice Plus Group,7,18,13,4,2,1,0
Royal College of Paediatrics and Child Health,7,24,25,7,0,0,0
Royal College of General Practitioners,7,25,17,6,0,1,0
"Department for Culture, Media and Sport",7,23,23,7,0,0,0
Aneurin Bevan University Health Board,7,16,10,6,1,0,0
Royal College of Obstetricians and Gynaecologists,6,15,16,6,0,0,0
Cwm Taf Morgannwg University Health Board,6,17,10,4,2,0,0
National Police Chiefs’ Council,6,16,16,6,0,0,0
East London NHS Foundation Trust,6,9,10,6,0,0,0
Doncaster and Bassetlaw Teaching Hospitals NHS Foundation Trust,6,6,4,4,0,2,0
Royal College of Emergency Medicine,6,37,29,4,1,1,0
Oxleas NHS Foundation Trust,6,22,17,4,2,0,0
Association of Ambulance Chief Executives,6,33,25,4,2,0,0
East Suffolk and North Essex NHS Foundation Trust,6,7,6,5,1,0,0
Driver and Vehicle Standards Agency,6,18,12,3,3,0,0
University Hospitals Sussex NHS Foundation Trust,5,10,10,4,0,1,0
South London and Maudsley NHS Foundation Trust,5,17,10,3,1,1,0
South Central Ambulance Service NHS Foundation Trust,5,23,24,4,1,0,0
Royal Free London NHS Foundation Trust,5,8,8,5,0,0,0
Royal Cornwall Hospitals NHS Trust,5,9,8,4,1,0,0
Berkshire Healthcare NHS Foundation Trust,5,17,9,3,0,2,0
Stockport NHS Foundation Trust,5,8,7,3,1,1,0
Milton Keynes University Hospital NHS Foundation Trust,5,14,12,3,2,0,0
Greater Manchester Police,5,7,8,5,0,0,0
Northamptonshire Healthcare Foundation Trust,5,8,6,4,0,1,0
Devon and Cornwall Police,5,8,7,4,1,0,0
Welsh Government,5,10,7,2,3,0,0
West Suffolk NHS Foundation Trust,5,6,5,4,1,0,0
Nottingham University Hospitals NHS Trust,5,8,8,5,0,0,0
Transport for London,4,10,9,3,1,0,0
Royal College of Physicians,4,22,20,3,1,0,0
South East Coast Ambulance Service NHS Foundation Trust,4,17,17,3,1,0,0
Nursing and Midwifery Council,4,25,18,1,3,0,0
Tameside and Glossop Integrated Care NHS Foundation Trust,4,6,4,2,1,1,0
Swansea Bay University Health Board,4,12,7,3,1,0,0
Royal College of Psychiatrists,4,15,7,1,2,1,0
Shrewsbury and Telford Hospital NHS Trust,4,6,6,4,0,0,0
South West Yorkshire Partnership NHS Foundation Trust,4,6,7,4,0,0,0
Blackpool Teaching Hospitals NHS Foundation Trust,4,4,3,3,0,1,0
Mid and South Essex NHS Foundation Trust,4,6,6,4,0,0,0
Department for Work and Pensions,4,15,4,1,2,1,0
Office for Product Safety and Standards,4,5,5,4,0,0,0
Cardiff and Vale University Health Board,4,14,8,3,1,0,0
North West Ambulance Service NHS Trust,4,7,7,4,0,0,0
NHS Birmingham and Solihull Integrated Care Board,4,10,10,4,0,0,0
North London NHS Foundation Trust,4,5,5,4,0,0,0
Devon Partnership NHS Trust,3,11,10,2,1,0,0
Department for Business and Trade,3,13,7,1,2,0,0
Civil Aviation Authority,3,8,6,1,2,0,0
Midlands Partnership University NHS Foundation Trust,3,8,7,2,1,0,0
Manchester University NHS Foundation Trust,3,5,5,3,0,0,0
NHS Derby and Derbyshire Integrated Care Board,3,8,7,2,0,0,1
University Hospitals of North Midlands NHS Trust,3,6,6,3,0,0,0
Surrey and Sussex Healthcare NHS Trust,3,12,10,2,1,0,0
St George’s University Hospitals NHS Foundation Trust,3,4,4,3,0,0,0
Welsh Ambulance Services University NHS Trust,3,6,5,2,1,0,0
Sherwood Forest Hospitals NHS Foundation Trust,3,7,7,3,0,0,0
South Yorkshire Police,3,4,4,3,0,0,0
Birmingham City Council,3,5,4,2,1,0,0
South Western Ambulance Service NHS Foundation Trust,3,5,5,3,0,0,0
"Barking, Havering and Redbridge University Hospitals NHS Trust",3,4,4,3,0,0,0
Somerset NHS Foundation Trust,3,7,6,2,0,1,0
Royal College of Surgeons,3,9,9,2,1,0,0
Birmingham and Solihull Mental Health NHS Foundation Trust,3,6,5,2,1,0,0
York and Scarborough Teaching Hospitals NHS Foundation Trust,3,3,1,1,0,2,0
Worcestershire Acute Hospitals NHS Trust,3,4,3,2,1,0,0
General Medical Council,3,16,13,1,2,0,0
Essex County Council,3,7,7,3,0,0,0
East Kent Hospitals University NHS Foundation Trust,3,5,5,3,0,0,0
Lincolnshire Police,3,8,7,3,0,0,0
London Ambulance Service NHS Trust,3,10,8,2,0,1,0
"Cumbria, Northumberland, Tyne and Wear NHS Foundation Trust",3,4,3,2,1,0,0
HM Inspectorate of Prisons,3,12,4,1,1,1,0
Driver and Vehicle Licensing Agency,3,6,5,2,1,0,0
Greater Manchester Mental Health NHS Foundation Trust,3,6,6,3,0,0,0
Independent Office for Police Conduct,3,7,5,1,2,0,0
Kent and Medway NHS and Social Care Partnership Trust,3,5,5,3,0,0,0
Oxford University Hospitals NHS Foundation Trust,3,3,3,3,0,0,0
Northumbria Healthcare NHS Foundation Trust,3,8,8,3,0,0,0
Central and North West London NHS Foundation Trust,3,10,7,2,1,0,0
"Department for Science, Innovation and Technology",3,8,8,3,0,0,0
HM Prison Lowdham Grange,3,7,5,1,2,0,0
Frimley Health NHS Foundation Trust,3,3,2,2,0,1,0
Northern Care Alliance NHS Foundation Trust,3,7,10,3,0,0,0
Cornwall Council,3,6,5,2,1,0,0
NHS North East and North Cumbria Integrated Care Board,3,9,9,3,0,0,0
NHS Nottingham and Nottinghamshire Integrated Care Board,3,10,10,3,0,0,0
National Fire Chiefs Council,3,23,5,0,1,2,0
Oxford Health NHS Foundation Trust,3,5,3,1,1,1,0
The Princess Alexandra Hospital NHS Trust,2,3,3,2,0,0,0
West Midlands Ambulance Service University NHS Foundation Trust,2,10,4,1,1,0,0
Walsall Healthcare NHS Trust,2,4,6,2,0,0,0
Warwickshire Police,2,2,0,0,0,2,0
"Tees, Esk and Wear Valley NHS Foundation Trust",2,8,7,1,0,1,0
Thames Valley Police,2,4,4,2,0,0,0
Bedfordshire Police,2,3,3,2,0,0,0
Bradford Council,2,2,2,2,0,0,0
Calderdale and Huddersfield NHS Foundation Trust,2,4,1,0,1,1,0
CQC North,2,6,5,1,1,0,0
Royal College of Radiologists,2,8,5,0,0,0,2
Royal College of Pathologists,2,4,2,0,2,0,0
Serco,2,9,7,1,1,0,0
South Wales Police,2,4,5,2,0,0,0
South West London and St George’s Mental Health NHS Trust,2,2,3,2,0,0,0
Suffolk County Council,2,6,6,2,0,0,0
South Tyneside and Sunderland NHS Foundation Trust,2,2,1,1,0,1,0
University Hospital Southampton NHS Foundation Trust,2,4,3,1,1,0,0
University Hospitals Plymouth NHS Trust,2,2,2,2,0,0,0
The Newcastle upon Tyne Hospitals NHS Foundation Trust,2,2,1,1,0,1,0
North East Ambulance Service NHS Foundation Trust,2,4,5,2,0,0,0
NHS Northamptonshire Integrated Care Board,2,4,1,0,1,1,0
NHS Hampshire and Isle of Wight Integrated Care Board,2,2,2,2,0,0,0
Central London Community Healthcare NHS Trust,2,3,3,2,0,0,0
Care UK,2,2,2,2,0,0,0
Pennine Care NHS Foundation Trust,2,2,2,2,0,0,0
Nottinghamshire Healthcare NHS Foundation Trust,2,10,8,1,1,0,0
Royal Berkshire NHS Foundation Trust,2,2,2,2,0,0,0
Royal College of Anaesthetists,2,14,11,0,2,0,0
Royal College of Midwives,2,15,11,1,1,0,0
Rhondda Cynon Taf County Borough Council,2,7,6,1,1,0,0
North East London NHS Foundation Trust,2,4,4,2,0,0,0
Cheshire Constabulary,2,2,2,2,0,0,0
Northamptonshire Healthcare NHS Foundation Trust,2,5,3,0,2,0,0
Nottingham Emergency Medical Service,2,8,8,2,0,0,0
Network Rail,2,2,2,2,0,0,0
Nottingham and Nottinghamshire Police,2,7,5,1,1,0,0
Cardinal Healthcare,2,2,1,1,0,1,0
North Cumbria Integrated Care NHS Foundation Trust,2,2,2,2,0,0,0
Mitie Group,2,7,4,1,1,0,0
Coventry and Warwickshire Partnership NHS Trust,2,3,3,2,0,0,0
Cornwall Partnership NHS Foundation Trust,2,7,4,0,2,0,0
Ministry of Defence,2,2,2,2,0,0,0
National Medical Examiner,2,10,0,0,0,2,0
HM Prison Pentonville,2,7,3,0,2,0,0
HM Prison Wormwood Scrubs,2,4,3,1,1,0,0
HM Prison Wandsworth,2,9,6,1,1,0,0
Kent Police,2,3,2,1,1,0,0
Islington Council,2,4,4,2,0,0,0
Lewisham and Greenwich NHS Trust,2,7,6,1,1,0,0
Lincolnshire County Council,2,5,4,2,0,0,0
Lewisham Council,2,20,6,0,2,0,0
Lancashire Teaching Hospitals NHS Foundation Trust,2,4,6,2,0,0,0
Hull University Teaching Hospitals NHS Trust,2,5,5,2,0,0,0
Hywel Dda University Health Board,2,10,4,1,1,0,0
Durham County Council,2,5,4,1,1,0,0
Hampshire and Isle of Wight Healthcare NHS Foundation Trust,2,3,3,2,0,0,0
HM Prison Woodhill,2,9,3,0,2,0,0
Herefordshire and Worcestershire Health and Care NHS Trust,2,3,2,1,1,0,0
"Department for Environment, Food and Rural Affairs",2,4,5,2,0,0,0
HM Prison Elmley,2,4,4,2,0,0,0
Gloucestershire Health and Care NHS Foundation Trust,2,3,2,1,0,1,0
Government Legal Department,2,6,3,1,0,1,0
Greater Manchester Integrated Care Board,2,2,2,2,0,0,0
Epsom and St Helier University Hospitals NHS Trust,2,8,8,1,0,1,0
Essex Police,2,4,4,2,0,0,0
Essex Partnership University NHS Trust,2,2,2,2,0,0,0
Faculty of Intensive Care Medicine,2,13,13,2,0,0,0
Essex University Partnership Trust,2,3,3,2,0,0,0
West Yorkshire Police,2,3,3,2,0,0,0
Association of Anaesthetists,2,14,11,0,2,0,0
University Hospitals of Northamptonshire,1,4,4,1,0,0,0
University Hospitals of Northamptonshire NHS Group,1,4,3,0,0,0,1
Velindre University NHS Trust,1,9,3,0,1,0,0
Vita health Group : Kent and Medway Talking Therapies,1,2,2,1,0,0,0
Attleborough Surgery,1,1,1,1,0,0,0
Attorney General of England and Wales and the Director of Public Prosecutions,1,1,0,0,0,1,0
Avon and Somerset Police,1,3,3,1,0,0,0
BARCHESTER HEALTHCARE LIMITED,1,1,1,1,0,0,0
BARDOC,1,2,2,1,0,0,0
BT,1,5,0,0,0,1,0
Bamford Grange Care Home,1,2,1,0,1,0,0
Bank Close House Residential Care Home,1,1,1,1,0,0,0
Bannau Brycheiniog National Park,1,5,5,1,0,0,0
Barchester Healthcare Ltd,1,1,2,1,0,0,0
49 Marine Avenue Surgery,1,5,5,1,0,0,0
Welsh Parliament,1,1,1,1,0,0,0
Flixton Road Medical Centre,1,2,2,1,0,0,0
Fold Nightclub,1,1,1,1,0,0,0
East Lancashire Hospitals NHS Trust,1,1,1,1,0,0,0
East London Cooperatives Ltd,1,4,4,1,0,0,0
East Riding Council,1,3,1,0,1,0,0
East Suffolk & North Essex NHS Trust,1,1,1,1,0,0,0
Addison House Surgery,1,1,1,1,0,0,0
Anglican Water,1,4,4,1,0,0,0
Appello Careline Operations Director,1,5,5,1,0,0,0
Arts University Bournemouth,1,3,3,1,0,0,0
Ashton Lodge Care Home,1,1,1,1,0,0,0
Aspray House Nursing Home,1,1,1,1,0,0,0
Associated British Ports,1,3,3,1,0,0,0
Association for Petroleum and Explosives Administration,1,4,2,0,1,0,0
: Peterlee Care Home,1,1,1,1,0,0,0
ASHTON MEDICAL PRACTICE,1,3,2,0,1,0,0
East of England Ambulance NHS Trust,1,1,1,1,0,0,0
East of England Ambulance Service NHS Trust,1,3,3,1,0,0,0
Eastcroft Nursing Home,1,1,1,1,0,0,0
Ebay,1,1,1,1,0,0,0
Education and Children’s Community Health,1,1,0,0,0,1,0
Egton Medical Information Systems,1,3,0,0,0,1,0
Electricity Networks Association,1,1,1,1,0,0,0
Elysium Healthcare,1,1,1,1,0,0,0
Difficult Airway Society,1,10,8,0,1,0,0
Doncaster Council,1,1,0,0,0,1,0
Dorset Council,1,2,2,1,0,0,0
European Aviation Safety Agency,1,4,3,0,1,0,0
European Union Aviation Safety Authority,1,2,2,1,0,0,0
Faculty of Sport and Exercise Medicine UK,1,14,12,0,1,0,0
Financial Conduct Authority,1,7,5,0,1,0,0
Fixodent,1,2,2,1,0,0,0
HM Prison Leeds,1,1,0,0,0,1,0
HM Prison Lincoln,1,2,2,1,0,0,0
Food Standards Agency,1,3,1,0,1,0,0
"Foreign, Commonwealth and Development Office",1,4,3,0,1,0,0
G4S Care & Justice Services UK Ltd,1,2,1,0,1,0,0
General Chiropractic Council,1,3,4,1,0,0,0
George Eliot Hospital NHS Trust,1,3,3,1,0,0,0
Google,1,1,1,1,0,0,0
Granddwell Estates,1,1,1,1,0,0,0
Great Ormond Street Hospital for Children NHS Foundation Trust,1,2,2,1,0,0,0
Great Western Hospitals NHS Foundation Trust,1,1,0,0,0,1,0
Greater Manchester Combined Authority,1,2,3,1,0,0,0
Greater Manchester Medicines Management Group,1,1,1,1,0,0,0
Emergency Call Prioritisation Advisory Group,1,2,0,0,0,1,0
Energy Institute,1,4,2,0,1,0,0
East Sussex Healthcare NHS Trust,1,1,1,1,0,0,0
Green Range Limited,1,1,1,1,0,0,0
HCRG,1,4,3,0,1,0,0
HCRG Care Group,1,1,1,1,0,0,0
Dorset Healthcare NHS Trust,1,3,2,0,1,0,0
Dorset Police,1,3,2,0,1,0,0
Durham Constabulary,1,2,4,1,0,0,0
Durham Police,1,1,1,1,0,0,0
ERYC Highways Department,1,1,1,1,0,0,0
East Kent Hospitals NHS Trust,1,1,1,1,0,0,0
"Department for Prison, Probation and Reducing Reoffending",1,1,0,0,0,1,0
HM Prison & Probation Service,1,1,1,1,0,0,0
HM Prison Bedford,1,3,3,1,0,0,0
HM Prison Belmarsh,1,2,1,0,1,0,0
HM Prison Berwyn,1,3,0,0,0,1,0
HM Prison Guys Marsh,1,4,4,1,0,0,0
HM Prison High Down,1,3,1,0,1,0,0
High Meadows Care Home,1,1,2,1,0,0,0
Hillcare Group,1,2,2,1,0,0,0
His Majesty’s Prison & Probation Service,1,3,1,0,1,0,0
Holcroft Grange,1,3,1,0,1,0,0
Holderness Health – Hedon Group Practice.,1,4,4,1,0,0,0
Home Group Limited,1,1,1,1,0,0,0
HM Prison Nottingham,1,4,0,0,0,1,0
HM Prison Rochester,1,1,1,1,0,0,0
HM Prison Swaleside,1,1,1,1,0,0,0
HM Prison Wymott,1,2,2,1,0,0,0
HMP The Verne,1,4,4,1,0,0,0
HUTH,1,1,1,1,0,0,0
Haleon UK Trading Limited,1,4,0,0,0,1,0
Hampshire County Council,1,2,1,0,1,0,0
Hampshire and IOW Constabulary,1,2,0,0,1,0,0
Harbour Healthcare Ltd,1,1,0,0,0,1,0
Cumbria Health Limited,1,4,4,1,0,0,0
IPRS Aeromed,1,4,1,0,1,0,0
Ignite Health and Homecare Services,1,1,1,1,0,0,0
Inspire You Care Ltd,1,1,1,1,0,0,0
Integrated Care Board,1,4,3,0,1,0,0
Integrated Care Board (NHS North East and North Cumbria),1,7,7,1,0,0,0
Internation Scientific Supplies Ltd,1,1,1,1,0,0,0
International Academies of Emergency Dispatch,1,1,1,1,0,0,0
Isle of Wight NHS Trust,1,1,1,1,0,0,0
Hartlepool Council,1,7,7,1,0,0,0
Hatton Traffic Management,1,4,4,1,0,0,0
Health Services Safety Investigations Body,1,7,8,1,0,0,0
Health Services Safety Investigations Body (HSSIB),1,4,1,0,1,0,0
Health and Care Professions Council,1,7,8,1,0,0,0
Hempstead Valley Shopping Centre,1,2,1,0,1,0,0
Hertfordshire County Council,1,3,3,1,0,0,0
Homerton Healthcare NHS Foundation Trust,1,1,1,1,0,0,0
"Hospital Manager, Goring Hall",1,5,4,0,1,0,0
Hounslow Council,1,3,3,1,0,0,0
Howlish Hall Care Home,1,4,3,0,1,0,0
Hull Royal Infirmary,1,1,1,1,0,0,0
Department for Women’s Health and Metal Health,1,3,3,1,0,0,0
Derby City Council,1,2,1,0,1,0,0
Derbyshire Community Health Services NHS Foundation Trust,1,5,4,0,0,0,1
Derbyshire County Council,1,2,1,0,1,0,0
Derbyshire Healthcare NHS Foundation Trust,1,5,4,0,0,0,1
Devon ICB,1,4,4,1,0,0,0
Devon Integrated Care Board,1,4,3,0,1,0,0
Crisis Resolution Team,1,3,2,0,1,0,0
Crown Commercial Services,1,2,1,0,1,0,0
Croydon Council,1,1,1,1,0,0,0
Croydon University Hospital,1,6,0,0,0,1,0
London Borough of Barking and Dagenham,1,18,5,0,1,0,0
London Borough of Bexley,1,18,5,0,1,0,0
London Borough of Bromley,1,2,2,1,0,0,0
London Borough of Hammersmith & Fulham,1,18,5,0,1,0,0
Isles of Scilly Integrated Care Boards,1,3,1,0,1,0,0
James Paget University NHS Foundation Trust,1,1,2,1,0,0,0
Joint Royal Colleges Ambulance Liaison Committee,1,2,2,1,0,0,0
Just Eats,1,4,4,1,0,0,0
Kenny & Murphy Limited,1,1,1,1,0,0,0
Kent & Medway NHS Mental Health Trust,1,1,0,0,0,1,0
Kent Central Ambulance Service,1,1,1,1,0,0,0
Kingston Council,1,18,5,0,1,0,0
Lambeth Council,1,18,5,0,1,0,0
Landlord,1,1,1,1,0,0,0
Leeds City Council,1,1,1,1,0,0,0
Leeds Community Healthcare NHS Trust,1,2,2,1,0,0,0
Cleveland Police,1,1,2,1,0,0,0
MAPP,1,2,1,0,1,0,0
MJ Events,1,2,1,1,0,0,0
Malhorta Group,1,2,1,0,1,0,0
"Managing Director, Sussex Medical Chambers",1,5,4,0,1,0,0
Marine Lake Medical Practice,1,1,1,1,0,0,0
Maylands Healthcare Surgery,1,4,4,1,0,0,0
Medical Engineer,1,3,3,1,0,0,0
Medicines UK,1,3,3,1,0,0,0
Leeds Survivor-Led Crisis Service (Leeds OASIS),1,2,0,0,0,1,0
Leeds Teaching Hospitals NHS Trust,1,6,7,1,0,0,0
Leeds and Yorkshire Partnership Foundation Trust (Intensive Supportive Service),1,2,0,0,0,1,0
Leicestershire Partnership NHS Trust,1,1,1,1,0,0,0
Level Crossing and Public Safety,1,2,1,0,1,0,0
Lifestar Medical Limited,1,3,1,0,1,0,0
Local Government Association,1,4,0,0,0,1,0
London Metropolitan Police,1,1,1,1,0,0,0
Lukka Care Homes Limited,1,1,1,1,0,0,0
Luton Community Housing Ltd,1,1,1,1,0,0,0
Curaleaf Clinic,1,1,1,1,0,0,0
Curo Care Delahey’s,1,2,2,1,0,0,0
Cygnet Health Care,1,1,0,0,0,1,0
Cyngor Bwrdeistref Sirol Pen-y-Bont ar Ogwr,1,2,1,0,1,0,0
Cyngor Sir Powys County Council,1,5,5,1,0,0,0
Dalton Surgery,1,3,4,1,0,0,0
Darlington Borough Council,1,1,0,0,0,1,0
Daryel Care,1,3,3,1,0,0,0
Deliveroo,1,4,4,1,0,0,0
Chief Medical Officer for North West Anglia Foundation Trust,1,1,0,0,0,1,0
"Chief Nursing Officer, NHS North-East London Integrated Care Board",1,2,0,0,0,1,0
Choice Support,1,3,3,1,0,0,0
Circle Health Group Ltd,1,1,1,1,0,0,0
Medicines and Healthcare Projects Regulation Authority,1,4,4,1,0,0,0
Medtronic Limited,1,3,3,1,0,0,0
Medway NHS Foundation Trust,1,1,1,1,0,0,0
Mental Health Directorate,1,1,1,1,0,0,0
Merthyr Tydfil County Borough Council,1,1,1,1,0,0,0
Metroplolis,1,3,3,1,0,0,0
Metropolis,1,4,0,0,0,1,0
Metropolitan Police Service (MPS),1,1,1,1,0,0,0
Mid & South Essex NHS Foundation Trust,1,1,1,1,0,0,0
Mid Yorkshire Teaching NHS Trust,1,2,2,1,0,0,0
Middlesbrough Council,1,7,7,1,0,0,0
Middleton Lodge Practice,1,3,3,1,0,0,0
Mills Family Ltd,1,2,2,1,0,0,0
London Borough of Havering,1,18,5,0,1,0,0
London Borough of Richmond upon Thames,1,18,5,0,1,0,0
London Fire Brigade (LFB),1,18,5,0,1,0,0
NHS Cornwall and Isles of Scilly Integrated Care Board,1,2,2,1,0,0,0
NHS Coventry and Warwickshire ICB,1,8,2,0,1,0,0
NHS Devon,1,3,1,0,1,0,0
NHS Digital,1,8,0,0,0,1,0
NHS Dorset Integrated Care Board,1,5,5,1,0,0,0
Milton Keynes City Council,1,1,1,1,0,0,0
Milton Keynes Urgent Care Service,1,1,0,1,0,0,0
Minster Care Group,1,3,1,0,1,0,0
MoJ,1,4,3,0,1,0,0
Monmouthshire County Council,1,2,1,1,0,0,0
Moorbridge School,1,5,5,1,0,0,0
Moss Farm,1,3,3,1,0,0,0
Mountfield Surgery,1,2,2,1,0,0,0
"Mr Nick Mallaband, Acting Chief Medical Director, Doncaster & Bassetlaw NHS Foundation Trust",1,1,0,0,0,1,0
Mulberry Court Care Home,1,2,2,1,0,0,0
Multi-Care Community Services Suffolk,1,1,1,1,0,0,0
NHS Black Country ICB,1,8,2,0,1,0,0
NHS Blood and Transplant,1,2,2,1,0,0,0
Coastal Homecare,1,2,2,1,0,0,0
Colchester General Hospital,1,2,1,0,1,0,0
College of General Practitioners,1,3,3,1,0,0,0
Complex Spine Clinic,1,1,1,1,0,0,0
County Durham & Darlington NHS Foundation Trust,1,1,1,1,0,0,0
County Durham and Darlington NHS Foundation Trust,1,1,2,1,0,0,0
Chief Constable Greater Manchester Police,1,4,3,0,1,0,0
Chief Constable for the Gloucestershire Constabulary,1,1,0,0,0,1,0
Chief Executive Hertfordshire County Council,1,1,1,1,0,0,0
Chief Executive North West Ambulance Service,1,4,3,0,1,0,0
Chief Executive Of Aneurin Bevan University Health Board,1,2,1,0,1,0,0
Chief Executive Of Velindre University Nhs Trust,1,2,1,0,1,0,0
NHS Cornwall,1,3,1,0,1,0,0
NHS Cornwall and Isles of Scilly ICB,1,1,1,1,0,0,0
Neath Port Talbot County Borough Council,1,5,5,1,0,0,0
NHS Herefordshire and Worcestershire ICB,1,8,2,0,1,0,0
NHS Hertfordshire and West Essex Integrated Care Board,1,3,3,1,0,0,0
NHS Kent and Medway Integrated Care Board,1,3,3,1,0,0,0
NHS Lancashire and South Cumbria Integrated Care Board,1,4,3,0,1,0,0
NHS Mid and South Essex Integrated Care Board,1,3,3,1,0,0,0
NHS North West London Integrated Care Board,1,1,1,1,0,0,0
NHS Pathways/ NHS Digital,1,5,4,0,1,0,0
"NHS Shropshire, Telford and Wrekin ICB",1,8,2,0,1,0,0
NHS South West London ICB,1,3,3,1,0,0,0
NHS South West London Integrated Care Board,1,7,8,1,0,0,0
NHS South Yorkshire Integrated Care Board,1,1,1,1,0,0,0
NHS Staffordshire and Stoke-on-Trent ICB,1,8,2,0,1,0,0
Musgrove Park Hospital,1,1,1,1,0,0,0
NEATH PORT TALBOT COUNCIL,1,3,3,1,0,0,0
NHS Birmingham and Solihull ICB,1,8,2,0,1,0,0
Cardinal Health,1,1,1,1,0,0,0
North Court Care Home – Maven Healthcare,1,1,1,1,0,0,0
North Devon Council,1,1,1,1,0,0,0
North Middlesex University Hospital,1,2,2,1,0,0,0
North Staffordshire Combined Healthcare NHS Trust,1,2,2,1,0,0,0
North West Anglia NHS Foundation Trust,1,8,8,1,0,0,0
NHS Suffolk and North East Essex Integrated Care Board,1,2,1,0,1,0,0
NHS Sussex,1,2,2,1,0,0,0
NHS Sussex Integrated Care Board,1,2,2,1,0,0,0
NHS University Hospitals Trust Plymouth,1,1,1,1,0,0,0
NHS West Yorkshire Integrated Care Board,1,1,1,1,0,0,0
NRS Healthcare,1,2,2,1,0,0,0
National Crime Agency,1,4,0,0,0,1,0
National Director FOR Mental Health,1,4,1,0,1,0,0
National Register of Communication Professionals working with Deaf and Deafblind people (NRCPD),1,3,4,1,0,0,0
Natural Resources Wales,1,5,5,1,0,0,0
Newham Council,1,18,5,0,1,0,0
Newport City Council – Highways,1,1,1,1,0,0,0
Norfolk Swift Response,1,2,2,1,0,0,0
Norfolk and Suffolk NHS Foundation Trust,1,1,2,1,0,0,0
Chief Executive Oldham Borough Council,1,4,3,0,1,0,0
Chief Executive Pennine Care NHS Foundation Trust,1,4,3,0,1,0,0
Chief Executive Whittington Health NHS Trust Whittington Hospital,1,1,0,0,0,1,0
Chief Executive of Cheshire and Wirral Partnership NHS Trust,1,1,0,0,0,1,0
Chief Executive of Dorset Healthcare University NHS Foundation Trust (DHUFT),1,6,4,0,1,0,0
Chief Executive of Worcestershire County Council,1,1,0,0,0,1,0
Chief Executive of the General Medical Council (GMC),1,6,4,0,1,0,0
Chief Executive – Hull Royal Infirmary,1,1,0,0,0,1,0
"Chief Executive, East Cheshire NHS Trust",1,1,1,1,0,0,0
"Chief Executive, Integrated Care Board",1,5,4,0,1,0,0
Cardiff & Vale University Health Board,1,1,1,1,0,0,0
Cardiff Citu Council,1,1,1,1,0,0,0
Officer of the College of Policing,1,2,4,1,0,0,0
Oldham Council,1,3,4,1,0,0,0
One London Board,1,6,6,1,0,0,0
Optum,1,1,1,1,0,0,0
Oracle,1,5,5,1,0,0,0
Ordnance Survey,1,1,1,1,0,0,0
North West Route Director,1,2,1,0,1,0,0
Northampton General Hospital,1,1,1,1,0,0,0
Northampton General Hospital NHS Trust,1,1,1,1,0,0,0
Northamptonshire Children Safeguarding Partnership,1,8,8,1,0,0,0
Northamptonshire Police,1,1,1,1,0,0,0
Northumberland Children’s and Adults Safeguarding Partnership,1,1,1,1,0,0,0
Northumberland County Council,1,1,1,1,0,0,0
Northumbria Healthcare NHS Trust,1,1,1,1,0,0,0
Northwest Ambulance Service,1,1,1,1,0,0,0
Neonatal Network,1,6,7,1,0,0,0
Nottinghamshire Police,1,1,1,1,0,0,0
Nuffield Health,1,1,1,1,0,0,0
Oak Tree Mews Care Home,1,1,1,1,0,0,0
Careline365,1,2,2,1,0,0,0
Caring UK,1,1,1,1,0,0,0
Castlegate & Derwent Surgery,1,1,1,1,0,0,0
Chartered Insurance Institute,1,7,5,0,1,0,0
Chelsea and Westminster Hospital NHS Foundation Trust,1,2,2,1,0,0,0
Chesterfield Borough Council,1,1,1,1,0,0,0
British Society of Gastroenterology,1,2,2,1,0,0,0
British Sub Aqua Association,1,2,1,0,1,0,0
British Transport Police,1,1,1,1,0,0,0
Brooker Group Limited,1,1,1,1,0,0,0
Broomwell Health Watch LYD,1,2,2,1,0,0,0
CGL (Ealing RISE),1,1,1,1,0,0,0
Ofcom,1,2,2,1,0,0,0
Revon Healthcare,1,1,1,1,0,0,0
Riversdale Care Home,1,1,1,1,0,0,0
Oxfordshire County Council,1,1,1,1,0,0,0
Oxleas,1,3,3,1,0,0,0
PHL Group (Partnering Health Limited),1,1,0,0,0,1,0
Pendine Park Care Organisation,1,2,2,1,0,0,0
Phoenix Futures,1,3,4,1,0,0,0
Powys Teaching Health Board,1,9,3,0,1,0,0
Premiere Health Ltd,1,2,1,0,1,0,0
President of the Royal College of General Practitioners,1,1,1,1,0,0,0
Prestwick Care,1,2,1,0,1,0,0
Primary Care NHS Devon,1,4,3,0,1,0,0
"Prison, Probation and Reducing Offending",1,1,1,1,0,0,0
Prisons and Probation Ombudsman,1,5,2,0,1,0,0
"Prisons, Probation and Reducing Reoffending",1,1,0,0,0,1,0
Nottinghamshire County Council,1,1,1,1,0,0,0
Royal Borough of Greenwich,1,18,5,0,1,0,0
Royal Borough of Kensington and Chelsea,1,18,5,0,1,0,0
Royal College for GP’s,1,5,4,0,1,0,0
Royal College of Nursing,1,4,4,1,0,0,0
Provident Housing,1,3,2,0,1,0,0
QCC,1,3,3,1,0,0,0
Quarry Bank Medical centre,1,2,2,1,0,0,0
Queen Mary’s University of London,1,2,2,1,0,0,0
RCRP Strategic Partnership Board,1,2,3,1,0,0,0
Rail Safety Board,1,3,3,1,0,0,0
Recovery Steps,1,1,1,1,0,0,0
Recovery Steps Cumbria,1,2,1,0,1,0,0
Red Oaks Care Community,1,1,1,1,0,0,0
Redcar Council,1,7,7,1,0,0,0
Resus Council UK,1,6,7,1,0,0,0
Resuscitation Council UK,1,14,12,0,1,0,0
Road (Highways Safety) related deaths,1,2,1,0,1,0,0
Rossendale Borough Council,1,3,2,0,1,0,0
Rotherham District General Hospital,1,1,1,1,0,0,0
Rotherham Doncaster and South Humber NHS Foundation Trust,1,1,1,1,0,0,0
Rotherham Metropolitan Borough Council,1,3,1,0,1,0,0
Cabinet Office,1,5,0,0,0,1,0
Cabinet Secretary for Health and Social Care,1,2,1,0,1,0,0
Cambridgeshire Constabulary,1,2,1,0,1,0,0
Cambridgeshire and Peterborough ICB,1,8,8,1,0,0,0
Canal & River Trust,1,1,0,0,0,1,0
Cann House,1,2,1,0,1,0,0
Capital Care Group,1,1,1,1,0,0,0
Cardiac Risk in the Young (CRY),1,14,12,0,1,0,0
Black Country Healthcare NHS Foundation Trust,1,1,1,1,0,0,0
Boomtown Festival,1,2,0,0,1,0,0
Bradford District Care NHS Foundation Trust,1,1,1,1,0,0,0
"Secretary of State for building safety, fire and construction regulations",1,1,1,1,0,0,0
Serco Prison Transport Services,1,2,2,1,0,0,0
Service Director for Environment Cornwall Council,1,2,0,0,0,1,0
Sett Valley Medical Centre,1,5,4,0,0,0,1
"Sheffield Health Partnership, University NHS Foundation Trust",1,1,1,1,0,0,0
Sheffield Teaching Hospitals NHS Foundation Trust,1,1,1,1,0,0,0
Sheffield Wednesday Football Club,1,1,1,1,0,0,0
Royal College of Radiology,1,8,8,1,0,0,0
Royal Devon University Healthcare NHS Foundation,1,2,2,1,0,0,0
Royal Devon University Healthcare NHS Foundation Trust,1,1,1,1,0,0,0
Royal Hospital School,1,2,0,0,0,1,0
Royal National Lifeboat Institution,1,3,3,1,0,0,0
Royal Pharmaceutical Society,1,1,1,1,0,0,0
Royal Society for the Prevention of Accidents,1,2,3,1,0,0,0
Royal Surrey NHS Foundation Trust,1,6,6,1,0,0,0
Riverview Surgery,1,2,2,1,0,0,0
Bradford Teaching Hospitals NHS Foundation Trust,1,1,1,1,0,0,0
Brake,1,7,5,0,1,0,0
British Aerosol Manufacturers Association,1,4,4,1,0,0,0
British Airline Pilots’ Association,1,2,1,0,1,0,0
British Association for Counselling and Psychotherapy,1,2,2,1,0,0,0
British Association for the study of the Liver,1,2,1,0,1,0,0
British Association of Perinatal Medicine,1,6,7,1,0,0,0
British Diving Safety Group,1,2,2,1,0,0,0
British Health Trades Association,1,3,0,0,0,1,0
British Society for Haematology (BSH),1,4,3,0,1,0,0
Barnsley Community Academy,1,3,4,1,0,0,0
Barnsley Metropolitan Borough Council,1,3,4,1,0,0,0
Basildon Car Park Management,1,2,2,1,0,0,0
Basildon Hospital (Mid & South Essex NHS Trust),1,2,2,1,0,0,0
Sanctuary Housing Association,1,1,0,0,0,1,0
Sandwell and West Birmingham Hospitals NHS Trust,1,1,1,1,0,0,0
Stryker (UK) Ltd,1,2,2,1,0,0,0
Sub Aqua Association Spcae Solutions Business Centre,1,2,1,0,1,0,0
Sudden Cardiac Arrest UK (SCA UK),1,14,12,0,1,0,0
Suffolk Constabulary,1,2,2,1,0,0,0
Sundon Medical Centre,1,2,2,1,0,0,0
Surrey Police,1,3,3,1,0,0,0
Snap Group Limited,1,7,5,0,1,0,0
Society of Motor Manufacturers and Traders,1,3,2,0,1,0,0
Sodexo,1,5,5,1,0,0,0
Somerset NHS Foundation Trust (Musgrove Park Hospital Trust),1,2,2,1,0,0,0
Russells Hall Hospital,1,1,0,0,0,1,0
SCAS Legal Services,1,1,1,1,0,0,0
SSP Health Ltd,1,4,4,1,0,0,0
SSP Health Medical Services Ltd,1,3,2,0,1,0,0
Sai SKN Ltd,1,1,1,1,0,0,0
Sanctuary Housing,1,1,1,1,0,0,0
Stewarts Law,1,4,3,0,1,0,0
Beccles Medical Centre,1,1,1,1,0,0,0
Bedford General Hospital,1,4,3,0,1,0,0
Bedford Hospitals NHS Foundation Trust,1,1,1,1,0,0,0
Bedfordshire Hospitals NHS Foundation Trust,1,4,3,0,1,0,0
Belle Green Court Care Home,1,1,1,1,0,0,0
Birchill’s Health Centre,1,3,5,1,0,0,0
Association of British Insurers,1,7,5,0,1,0,0
Association of British Travel Agents,1,2,2,1,0,0,0
Association of Coloproctology of Great Britain,1,3,4,1,0,0,0
"Association of Directors of Environment, Economy, Planning & Transport",1,3,3,1,0,0,0
Association of the British Pharmaceutical Industry,1,3,3,1,0,0,0
Asthma & Lung (for information),1,8,0,0,0,1,0
Stockton Council,1,7,7,1,0,0,0
Stoke Mandeville Hospital,1,4,3,0,1,0,0
Stoke Talking Therapies,1,3,2,0,1,0,0
The Crescent Surgery,1,2,2,1,0,0,0
The Crown Premises Fire & Safety Inspectorate,1,3,1,0,1,0,0
The First Minister of Wales,1,1,1,1,0,0,0
Surrey and Borders Partnership NHS Foundation Trust,1,7,8,1,0,0,0
Sussex Community NHS Foundation Trust,1,2,2,1,0,0,0
TEWV,1,1,1,1,0,0,0
TUI UK,1,2,2,1,0,0,0
Tameside Metropolitan Borough Council,1,3,3,1,0,0,0
Tavistock and Portman NHS Foundation Trust,1,2,2,1,0,0,0
Telecare Services Association,1,5,5,1,0,0,0
Telemedicine Clinic Limited,1,2,2,1,0,0,0
The British Orthopaedic Association,1,2,2,1,0,0,0
The British Society for Genetic Medicine,1,14,12,0,1,0,0
Southwark Council,1,18,5,0,1,0,0
St John Ambulance,1,14,12,0,1,0,0
Staffordshire Highways,1,1,0,1,0,0,0
The Petroleum Enforcement Liaison Group,1,4,2,0,1,0,0
The Practice Plus Group,1,1,2,1,0,0,0
The President of the British Society of Gastroenterology,1,1,0,0,0,1,0
The Brooke Surgery,1,2,1,0,1,0,0
The Care Bureau,1,3,3,1,0,0,0
The Chief Constable of Humberside Police,1,1,1,1,0,0,0
The Chief Executive Cardiff & Vale University Health Board,1,2,1,0,1,0,0
The Chief Executive Security Industry Authority (SIA),1,3,2,0,1,0,0
The Chief Executive Tesco PLC,1,3,2,0,1,0,0
The Chief Executive Total Security Services Limited (TSS),1,3,2,0,1,0,0
The Chief Executive of Powys Teaching Hospital Board,1,1,0,0,0,1,0
"The Chief Executive, Great Western Hospitals, NHS Trust Marlborough Road, Swindon, SN3 6BB",1,1,1,1,0,0,0
"The Chief Executive, Tameside and Glossop Integrated Care NHS  Foundation Trust",1,1,0,0,0,1,0
The Children’s Trust,1,1,1,1,0,0,0
The City of London,1,18,5,0,1,0,0
The Commissioner of the Metropolitan Police,1,6,6,1,0,0,0
The York Hospital,1,2,2,1,0,0,0
Torbay and South Devon NHS Foundation Trust,1,1,1,1,0,0,0
Tower Hamlets Council,1,18,5,0,1,0,0
Townhead Surgery,1,1,2,1,0,0,0
The Football Association,1,14,12,0,1,0,0
The Gambling Commission,1,4,4,1,0,0,0
The General Optical Council,1,4,3,0,1,0,0
The Governor HMP Stocken,1,3,1,0,1,0,0
The Governor of HM Prison Parc,1,1,0,0,0,1,0
The Lakes Care Centre,1,1,0,0,0,1,0
The Lift and Escalator Industry Association,1,3,5,1,0,0,0
The Manor Clinic Folkestone Kent,1,2,2,1,0,0,0
The Mayor of London,1,3,2,0,1,0,0
The Medicine and Healthcare Products and Regulatory Agency,1,2,3,1,0,0,0
The Nerams Group,1,1,1,1,0,0,0
The Pembroke Medical Practice,1,4,4,1,0,0,0
Unity Healthcare,1,1,1,1,0,0,0
University College London Hospitals NHS Foundation Trust,1,1,0,0,0,1,0
University Health Board,1,2,0,0,0,1,0
University Hospitals Coventry and Warwickshire NHS Trust,1,2,2,1,0,0,0
University Hospitals of Leicester NHS Trust,1,3,3,1,0,0,0
The Riverside Group Limited,1,1,1,1,0,0,0
The Road Surface Treatments Association,1,3,3,1,0,0,0
The Robert Jones and Agnes Hunt Orthopaedic Hospital NHS Foundation Trust,1,2,2,1,0,0,0
The Rotherham NHS Foundation Trust,1,1,4,1,0,0,0
The Royal College of Emergency Medicine (‘RCEM’),1,5,5,1,0,0,0
The Royal College of General Practitioners (RCGP),1,1,1,1,0,0,0
The Royal Wolverhampton NHS Trust,1,1,1,1,0,0,0
The Scouting Association,1,1,1,1,0,0,0
The Telecare Services Association,1,1,1,1,0,0,0
The Unite Group plc,1,1,1,1,0,0,0
The Wheelchair Alliance,1,3,0,0,0,1,0
West London NHS Trust,1,2,2,1,0,0,0
West Midlands Fire Service,1,1,1,1,0,0,0
West Midlands Police,1,2,1,0,1,0,0
WIGAN INTERGRATED CARE BOARD,1,3,2,0,1,0,0
Wales prevention of future deaths reports (2019 onwards),1,2,1,0,1,0,0
Walsall Council,1,3,5,1,0,0,0
Wandsworth Council,1,18,5,0,1,0,0
Ward Bros (Malton) Ltd,1,1,1,1,0,0,0
Warwickshire County Council,1,2,1,0,1,0,0
Warwickshire County Council – Children with Disabilities team,1,2,1,0,1,0,0
Toyota PLC,1,4,2,0,1,0,0
UK Health Security Agency,1,2,1,0,1,0,0
UK National Screening Committee,1,14,12,0,1,0,0
UK Sports Institute (formerly the English Institute of Sport),1,14,12,0,1,0,0
Uber Eats,1,4,4,1,0,0,0
Unilver Plc,1,1,1,1,0,0,0
Acer Mews Care Home,1,2,0,0,0,1,0
Affinity Water,1,4,4,1,0,0,0
Alexandra & Crestview Surgeries,1,1,2,1,0,0,0
Alexandra Homes Ltd,1,1,1,1,0,0,0
All Care In One Ltd,1,1,1,1,0,0,0
Alternative Futures Group,1,1,1,1,0,0,0
YAS Legal,1,2,2,1,0,0,0
York & Scarborough NHS Trust,1,1,1,1,0,0,0
Yorkshire Ambulance Service NHS Trust,1,2,0,0,0,1,0
Your Health Partnership Regis Medical Centre,1,1,1,1,0,0,0
[REDACTED] Chief Executive of Digital Health & Care Wales,1,3,1,0,1,0,0
[REDACTED] HMP Garth,1,1,0,0,0,1,0
[REDACTED] President of The Royal College of Phyisicians,1,4,2,0,0,0,1
[REDACTED] President of The Royal College of Surgeons,1,4,2,0,0,0,1
1st Care 4U,1,3,1,0,1,0,0
University Hospitals of Morecambe Bay NHS Foundation Trust,1,4,3,0,1,0,0
Williams and Spenceley Limited,1,4,3,0,1,0,0
Willow Grange Care Home,1,1,1,1,0,0,0
Worcestershire County Council,1,1,1,1,0,0,0
Wrexham County Borough Council,1,1,1,1,0,0,0
West Northamptonshire Council,1,3,3,1,0,0,0
West Sussex County Council,1,1,1,1,0,0,0
Westminster City Council,1,18,5,0,1,0,0
Westwood Hall Nursing Home,1,1,1,1,0,0,0
Wheelchair Accessible Vehicle Converters Association,1,3,0,0,0,1,0
White Horse Medical Practice,1,3,2,0,1,0,0
Whittington Health,1,3,3,1,0,0,0
Abbey Place Nursing Home,1,1,1,1,0,0,0
the Chief Executive HUTH,1,1,1,1,0,0,0
Advisory Council on the Misuse of Drugs,1,2,2,1,0,0,0
Whittington Health NHS Trust,1,4,4,1,0,0,0
Wigan Metropolitan Borough Council,1,1,1,1,0,0,0
