sent_to,no. PFDs,overdue,pending,received,% received
Department of Health and Social Care,143,40,1,102,71
NHS England,130,19,1,110,85
REDACTED,37,29,1,7,19
Home Office,26,7,0,19,73
HM Prison and Probation Service,24,11,0,13,54
Ministry of Justice,23,14,0,9,39
Department for Transport,23,4,0,19,83
Care Quality Commission,20,9,0,11,55
National Institute for Health and Care Excellence,14,2,0,12,86
National Highways,12,2,0,10,83
College of Policing,12,2,0,10,83
Health and Safety Executive,12,5,0,7,58
Department for Education,10,3,0,7,70
Medicines and Healthcare Products Regulatory Agency,10,4,1,5,50
University Hospitals Birmingham NHS Foundation Trust,9,0,1,8,89
Barts Health NHS Trust,9,2,0,7,78
Practice Plus Group,8,2,0,6,75
Royal College of General Practitioners,8,1,0,7,88
"Ministry of Housing, Communities and Local Government",8,5,0,3,38
NHS Greater Manchester Integrated Care Board,8,2,0,6,75
East Midlands Ambulance Service NHS Trust,8,2,0,6,75
Aneurin Bevan University Health Board,7,2,0,5,71
Tameside and Glossop Integrated Care NHS Foundation Trust,6,3,0,3,50
Association of Ambulance Chief Executives,6,0,0,6,100
East Suffolk and North Essex NHS Foundation Trust,6,1,0,5,83
Essex Partnership University NHS Foundation Trust,6,3,0,3,50
Driver and Vehicle Standards Agency,6,2,0,4,67
Metropolitan Police Service,6,3,0,3,50
East London NHS Foundation Trust,6,0,0,6,100
Sussex Partnership NHS Foundation Trust,6,0,0,6,100
Royal College of Obstetricians and Gynaecologists,6,1,0,5,83
Nottingham University Hospitals NHS Trust,6,1,0,5,83
Royal College of Paediatrics and Child Health,5,0,0,5,100
Royal Cornwall Hospitals NHS Trust,5,1,0,4,80
Royal College of Emergency Medicine,5,1,0,4,80
Oxleas NHS Foundation Trust,5,1,0,4,80
National Police Chiefs’ Council,5,0,0,5,100
Milton Keynes University Hospital NHS Foundation Trust,5,2,0,3,60
Betsi Cadwaladr University Health Board,5,0,0,5,100
Stockport NHS Foundation Trust,5,2,0,3,60
South London and Maudsley NHS Foundation Trust,5,1,0,4,80
Devon and Cornwall Police,5,2,0,3,60
Doncaster and Bassetlaw Teaching Hospitals NHS Foundation Trust,5,2,0,3,60
"Department for Culture, Media and Sport",5,0,0,5,100
West Suffolk NHS Foundation Trust,5,0,0,5,100
South West Yorkshire Partnership NHS Foundation Trust,4,1,0,3,75
Berkshire Healthcare NHS Foundation Trust,4,2,0,2,50
Welsh Government,4,1,0,3,75
South East Coast Ambulance Service NHS Foundation Trust,4,2,0,2,50
South Central Ambulance Service NHS Foundation Trust,4,1,0,3,75
University Hospitals Sussex NHS Foundation Trust,4,2,0,2,50
Transport for London,4,1,0,3,75
Northamptonshire Healthcare Foundation Trust,4,1,0,3,75
Central and North West London NHS Foundation Trust,4,1,0,3,75
Nursing and Midwifery Council,4,1,0,3,75
Cardiff and Vale University Health Board,4,2,0,2,50
Greater Manchester Police,4,0,0,4,100
East Kent Hospitals University NHS Foundation Trust,4,0,0,4,100
East of England Ambulance Service NHS Trust,4,0,0,4,100
Manchester University NHS Foundation Trust,4,0,0,4,100
Royal College of Midwives,4,1,0,3,75
North West Ambulance Service NHS Trust,4,0,0,4,100
Cwm Taf Morgannwg University Health Board,4,2,0,2,50
Mid and South Essex NHS Foundation Trust,4,1,0,3,75
Blackpool Teaching Hospitals NHS Foundation Trust,4,2,0,2,50
Lincolnshire Police,3,0,0,3,100
Department for Business and Trade,3,2,0,1,33
Kent and Medway NHS and Social Care Partnership Trust,3,0,0,3,100
Independent Office for Police Conduct,3,2,0,1,33
Department for Work and Pensions,3,2,0,1,33
Welsh Ambulance Services University NHS Trust,3,1,0,2,67
London Ambulance Service NHS Trust,3,1,0,2,67
South Yorkshire Police,3,0,0,3,100
"Barking, Havering and Redbridge University Hospitals NHS Trust",3,0,0,3,100
Sherwood Forest Hospitals NHS Foundation Trust,3,0,0,3,100
St George’s University Hospitals NHS Foundation Trust,3,0,0,3,100
Somerset NHS Foundation Trust,3,1,0,2,67
Royal Surrey NHS Foundation Trust,3,0,0,3,100
Shrewsbury and Telford Hospital NHS Trust,3,0,0,3,100
York and Scarborough Teaching Hospitals NHS Foundation Trust,3,2,0,1,33
HM Inspectorate of Prisons,3,2,0,1,33
Greater Manchester Mental Health NHS Foundation Trust,3,0,0,3,100
"Cumbria, Northumberland, Tyne and Wear NHS Foundation Trust",3,1,0,2,67
Worcestershire Acute Hospitals NHS Trust,3,1,0,2,67
NHS Birmingham and Solihull Integrated Care Board,3,0,0,3,100
Office for Product Safety and Standards,3,0,0,3,100
Cornwall Council,3,0,0,3,100
NHS Derby and Derbyshire Integrated Care Board,3,0,1,2,67
Oxford Health NHS Foundation Trust,3,1,0,2,67
Oxford University Hospitals NHS Foundation Trust,3,0,0,3,100
Northern Care Alliance NHS Foundation Trust,3,0,0,3,100
NHS Nottingham and Nottinghamshire Integrated Care Board,3,0,0,3,100
Royal College of Surgeons,3,0,0,3,100
Frimley Health NHS Foundation Trust,3,1,0,2,67
British Association for the study of the Liver,2,0,0,2,100
South West London and St George’s Mental Health NHS Trust,2,1,0,1,50
Association of Anaesthetists,2,1,0,1,50
Walsall Healthcare NHS Trust,2,0,0,2,100
Warwickshire Police,2,2,0,0,0
West Midlands Ambulance Service University NHS Foundation Trust,2,1,0,1,50
University Hospitals Plymouth NHS Trust,2,0,0,2,100
University Hospital Southampton NHS Foundation Trust,2,1,0,1,50
South Wales Police,2,0,0,2,100
Suffolk County Council,2,0,0,2,100
The Newcastle upon Tyne Hospitals NHS Foundation Trust,2,1,0,1,50
TUI UK,2,0,0,2,100
Thames Valley Police,2,0,0,2,100
"Tees, Esk and Wear Valley NHS Foundation Trust",2,1,0,1,50
Bedfordshire Police,2,0,0,2,100
Swansea Bay University Health Board,2,1,0,1,50
UK Health Security Agency,2,1,0,1,50
The Princess Alexandra Hospital NHS Trust,2,0,0,2,100
Royal Hospital School,2,1,0,1,50
Sanctuary Housing Association,2,1,0,1,50
Birmingham City Council,2,0,0,2,100
Birmingham and Solihull Mental Health NHS Foundation Trust,2,0,0,2,100
Mitie Group,2,1,0,1,50
National Fire Chiefs Council,2,2,0,0,0
Cornwall Partnership NHS Foundation Trust,2,1,0,1,50
Civil Aviation Authority,2,0,0,2,100
Northamptonshire Healthcare NHS Foundation Trust,2,0,0,2,100
Northumbria Healthcare NHS Foundation Trust,2,0,0,2,100
Nottingham and Nottinghamshire Police,2,1,0,1,50
North London NHS Foundation Trust,2,0,0,2,100
North Cumbria Integrated Care NHS Foundation Trust,2,0,0,2,100
North East London NHS Foundation Trust,2,0,0,2,100
Network Rail,2,0,0,2,100
National Medical Examiner,2,2,0,0,0
Nottinghamshire Healthcare NHS Foundation Trust,2,0,0,2,100
Nottingham Emergency Medical Service,2,0,0,2,100
Calderdale and Huddersfield NHS Foundation Trust,2,1,0,1,50
CQC North,2,2,0,0,0
Royal College of Radiologists,2,0,0,2,100
Royal College of Psychiatrists,2,2,0,0,0
Royal College of Physicians,2,0,0,2,100
Royal College of Pathologists,2,2,0,0,0
Royal Free London NHS Foundation Trust,2,0,0,2,100
Royal College of Anaesthetists,2,1,0,1,50
Resuscitation Council UK,2,0,0,2,100
Rhondda Cynon Taf County Borough Council,2,1,0,1,50
Pennine Care NHS Foundation Trust,2,0,0,2,100
Central London Community Healthcare NHS Trust,2,0,0,2,100
Care UK,2,0,0,2,100
Cardinal Healthcare,2,1,0,1,50
Royal Berkshire NHS Foundation Trust,2,0,0,2,100
NHS North East and North Cumbria Integrated Care Board,2,0,0,2,100
NHS Kent and Medway Integrated Care Board,2,1,0,1,50
NHS Hampshire and Isle of Wight Integrated Care Board,2,0,0,2,100
NHS Northamptonshire Integrated Care Board,2,2,0,0,0
"Department for Science, Innovation and Technology",2,0,0,2,100
Hampshire and Isle of Wight Healthcare NHS Foundation Trust,2,0,0,2,100
Lancashire Teaching Hospitals NHS Foundation Trust,2,1,0,1,50
Darlington Borough Council,2,2,0,0,0
Midlands Partnership University NHS Foundation Trust,2,0,0,2,100
Kent Police,2,1,0,1,50
Hull University Teaching Hospitals NHS Trust,2,1,0,1,50
Hywel Dda University Health Board,2,1,0,1,50
Islington Council,2,0,0,2,100
Lincolnshire County Council,2,0,0,2,100
HM Prison Woodhill,2,2,0,0,0
Government Legal Department,2,1,0,1,50
Greater Manchester Integrated Care Board,2,0,0,2,100
Devon Partnership NHS Trust,2,1,0,1,50
HM Prison Elmley,2,0,0,2,100
HM Prison Lowdham Grange,2,2,0,0,0
HM Prison Pentonville,2,2,0,0,0
HM Prison Wandsworth,2,1,0,1,50
Durham County Council,2,0,0,2,100
Essex County Council,2,0,0,2,100
Essex Partnership University NHS Trust,2,0,0,2,100
Essex Police,2,0,0,2,100
Essex University Partnership Trust,2,0,0,2,100
Gloucestershire Health and Care NHS Foundation Trust,2,1,0,1,50
Faculty of Intensive Care Medicine,2,0,0,2,100
Epsom and St Helier University Hospitals NHS Trust,2,2,0,0,0
Whittington Health NHS Trust,2,0,0,2,100
Attorney General of England and Wales and the Director of Public Prosecutions,1,1,0,0,0
White Horse Medical Practice,1,1,0,0,0
Anglican Water,1,0,0,1,100
the Chief Executive HUTH,1,0,0,1,100
1st Care 4U,1,1,0,0,0
49 Marine Avenue Surgery,1,0,0,1,100
ASHTON MEDICAL PRACTICE,1,1,0,0,0
Acer Mews Care Home,1,1,0,0,0
Addenbrooke’s Hospital,1,1,0,0,0
Addison House Surgery,1,0,0,1,100
Adept Care Homes,1,0,0,1,100
Alternative Futures Group,1,0,0,1,100
Appello Careline Operations Director,1,0,0,1,100
Wales prevention of future deaths reports (2019 onwards),1,1,0,0,0
WIGAN INTERGRATED CARE BOARD,1,1,0,0,0
Vita health Group : Kent and Medway Talking Therapies,1,0,0,1,100
Velindre University NHS Trust,1,1,0,0,0
Valorum Care Group,1,1,0,0,0
University Hospitals of Northamptonshire NHS Group,1,0,1,0,0
Bannau Brycheiniog National Park,1,0,0,1,100
Bank Close House Residential Care Home,1,0,0,1,100
Bamford Grange Care Home,1,0,0,1,100
BT,1,1,0,0,0
BARCHESTER HEALTHCARE LIMITED,1,0,0,1,100
Avon and Somerset Police,1,0,0,1,100
Alexander House Care Home,1,1,0,0,0
Attleborough Surgery,1,0,0,1,100
Asthma & Lung (for information),1,1,0,0,0
Association of the British Pharmaceutical Industry,1,0,0,1,100
Financial Conduct Authority,1,0,0,1,100
Faculty of Sport and Exercise Medicine UK,1,1,0,0,0
European Union Aviation Safety Authority,1,0,0,1,100
European Aviation Safety Agency,1,1,0,0,0
Essex Adult Social Care,1,1,0,0,0
Emergency Call Prioritisation Advisory Group,1,1,0,0,0
Electricity Networks Association,1,0,0,1,100
Egton Medical Information Systems,1,1,0,0,0
Education and Children’s Community Health,1,1,0,0,0
Ebay,1,0,0,1,100
Eastcroft Nursing Home,1,0,0,1,100
East of England Ambulance NHS Trust,1,0,0,1,100
East Sussex Healthcare NHS Trust,1,0,0,1,100
East Suffolk & North Essex NHS Trust,1,0,0,1,100
East Riding Council,1,1,0,0,0
East London Cooperatives Ltd,1,0,0,1,100
Greater Manchester Medicines Management Group,1,0,0,1,100
Greater Manchester Combined Authority,1,1,0,0,0
Great Western Hospitals NHS Foundation Trust,1,1,0,0,0
Great Ormond Street Hospital for Children NHS Foundation Trust,1,0,0,1,100
Granddwell Estates,1,0,0,1,100
Governor of HMP Guys Marsh,1,1,0,0,0
Google,1,0,0,1,100
George Eliot Hospital NHS Trust,1,0,0,1,100
General Medical Council,1,0,0,1,100
G4S Care & Justice Services UK Ltd,1,1,0,0,0
Foxhayes Surgery GP Practice,1,0,0,1,100
Foundation Trust,1,0,0,1,100
"Foreign, Commonwealth and Development Office",1,1,0,0,0
Food Standards Agency,1,1,0,0,0
Fold Nightclub,1,0,0,1,100
Flixton Road Medical Centre,1,0,0,1,100
Dorset Police,1,1,0,0,0
Dorset Healthcare NHS Trust,1,1,0,0,0
Dorset Council,1,0,0,1,100
HM Prison Lincoln,1,0,0,1,100
HM Prison Leeds,1,1,0,0,0
HM Prison High Down,1,1,0,0,0
HM Prison Hewell,1,0,0,1,100
HM Prison Guys Marsh,1,0,0,1,100
HM Prison Berwyn,1,1,0,0,0
HM Prison Belmarsh,1,1,0,0,0
HM Prison Bedford,1,0,0,1,100
HM Prison & Probation Service,1,0,0,1,100
HCRG Care Group,1,0,0,1,100
HCRG,1,0,0,1,100
Grove House Medical Practice,1,1,0,0,0
Green Range Limited,1,0,0,1,100
Harbour Healthcare Ltd,1,1,0,0,0
Hampshire and IOW Constabulary,1,0,0,1,100
Hampshire County Council,1,1,0,0,0
Haleon UK Trading Limited,1,0,0,1,100
HUTH,1,0,0,1,100
HMP The Verne,1,0,0,1,100
HM Prison Wormwood Scrubs,1,1,0,0,0
HM Prison Swaleside,1,0,0,1,100
HM Prison Nottingham,1,1,0,0,0
East Lancashire Hospitals NHS Trust,1,0,0,1,100
East Kent Hospitals NHS Trust,1,0,0,1,100
East Cheshire NHS Trust,1,0,0,1,100
EPUT INQUESTS,1,1,0,0,0
Durham Police,1,0,0,1,100
Durham Constabulary,1,0,0,1,100
Driver and Vehicle Licensing Agency,1,1,0,0,0
Deliveroo,1,0,0,1,100
Home Group Limited,1,0,0,1,100
Holderness Health – Hedon Group Practice.,1,0,0,1,100
Holcroft Grange,1,1,0,0,0
His Majesty’s Prison & Probation Service,1,1,0,0,0
Hillcare Group,1,0,0,1,100
High Meadows Care Home,1,0,0,1,100
Hertfordshire County Council,1,0,0,1,100
Herefordshire and Worcestershire Health and Care NHS Trust,1,0,0,1,100
Hempstead Valley Shopping Centre,1,1,0,0,0
Healthcare Inspectorate Wales,1,1,0,0,0
Health and Care Professions Council,1,1,0,0,0
Health Services Safety Investigations Body (HSSIB),1,1,0,0,0
Health Services Safety Investigations Body,1,1,0,0,0
Head of Operations south-,1,1,0,0,0
Hartlepool Council,1,0,0,1,100
Ignite Health and Homecare Services,1,0,0,1,100
IPRS Aeromed,1,1,0,0,0
Hull Royal Infirmary,1,0,0,1,100
Howlish Hall Care Home,1,0,0,1,100
Howarth Properties LTD,1,0,0,1,100
Hounslow Council,1,0,0,1,100
"Hospital Manager, Goring Hall",1,1,0,0,0
Homerton Healthcare NHS Foundation Trust,1,0,0,1,100
Devon Integrated Care Board,1,1,0,0,0
Derbyshire Healthcare NHS Foundation Trust,1,0,1,0,0
Derbyshire County Council,1,1,0,0,0
Derbyshire Community Health Services NHS Foundation Trust,1,0,1,0,0
Derby City Council,1,0,0,1,100
Department for Women’s Health and Metal Health,1,0,0,1,100
"Department for Prison, Probation and Reducing Reoffending",1,1,0,0,0
"Department for Environment, Food and Rural Affairs",1,1,0,0,0
Kent Central Ambulance Service,1,0,0,1,100
Kent & Medway NHS Mental Health Trust,1,1,0,0,0
Kenny & Murphy Limited,1,0,0,1,100
KMPM,1,0,0,1,100
Just Eats,1,0,0,1,100
Joint Royal Colleges Ambulance Liaison Committee,1,0,0,1,100
James Paget University NHS Foundation Trust,1,0,0,1,100
Isles of Scilly Integrated Care Boards,1,1,0,0,0
Isle of Wight NHS Trust,1,0,0,1,100
International Academies of Emergency Dispatch,1,0,0,1,100
Internation Scientific Supplies Ltd,1,0,0,1,100
"Integrated Care Board, Mid and South Essex",1,1,0,0,0
Integrated Care Board (NHS North East and North Cumbria),1,0,0,1,100
Integrated Care Board,1,1,0,0,0
Institute of Health Visiting,1,0,0,1,100
Inspire You Care Ltd,1,0,0,1,100
Luton Community Housing Ltd,1,0,0,1,100
Lukka Care Homes Limited,1,0,0,1,100
London Metropolitan Police,1,0,0,1,100
London Association of Directors of Public Health,1,0,0,1,100
Local Government Association,1,1,0,0,0
Lifestar Medical Limited,1,1,0,0,0
Lewisham and Greenwich NHS Trust,1,0,0,1,100
Level Crossing and Public Safety,1,1,0,0,0
Leicestershire Partnership NHS Trust,1,0,0,1,100
Leeds and Yorkshire Partnership Foundation Trust (Intensive Supportive Service),1,1,0,0,0
Leeds Teaching Hospitals NHS Trust,1,0,0,1,100
Leeds Survivor-Led Crisis Service (Leeds OASIS),1,1,0,0,0
Leeds City Council,1,0,0,1,100
Landlord,1,0,0,1,100
Lancashire and South Cumbria NHS Foundation Trust,1,0,0,1,100
Kent and Mental Health NHS Trust,1,0,0,1,100
Crown Commercial Services,1,1,0,0,0
Crouched Friars Residential Home,1,0,0,1,100
Coventry and Warwickshire Partnership NHS Trust,1,0,0,1,100
County Durham and Darlington NHS Foundation Trust,1,1,0,0,0
Mental Health Directorate,1,0,0,1,100
Medway NHS Foundation Trust,1,0,0,1,100
Medtronic Limited,1,0,0,1,100
Medicines UK,1,0,0,1,100
Medical Engineer,1,0,0,1,100
Maylands Healthcare Surgery,1,0,0,1,100
Masimo UK,1,0,0,1,100
Marine Lake Medical Practice,1,0,0,1,100
"Managing Director, Sussex Medical Chambers",1,1,0,0,0
Malhorta Group,1,1,0,0,0
MJ Events,1,0,0,1,100
MAPP,1,0,0,1,100
Middleton Lodge Practice,1,0,0,1,100
Middlesbrough Council,1,0,0,1,100
Mid Yorkshire Teaching NHS Trust,1,0,0,1,100
Mid & South Essex NHS Foundation Trust,1,0,0,1,100
Metropolis,1,0,0,1,100
Metroplolis,1,0,0,1,100
Merthyr Tydfil County Borough Council,1,0,0,1,100
Daryel Care,1,0,0,1,100
Dalton Surgery,1,0,0,1,100
Cyngor Sir Powys County Council,1,0,0,1,100
Cygnet Health Care,1,1,0,0,0
Curo Care Delahey’s,1,0,0,1,100
Curaleaf Clinic,1,0,0,1,100
Cumbria Health Limited,1,0,0,1,100
Croydon University Hospital,1,1,0,0,0
Croydon Council,1,0,0,1,100
NHS Black Country ICB,1,1,0,0,0
NHS Birmingham and Solihull ICB,1,1,0,0,0
NEATH PORT TALBOT COUNCIL,1,0,0,1,100
Musgrove Park Hospital,1,0,0,1,100
Multi-Care Community Services Suffolk,1,0,0,1,100
Mulberry Court Care Home,1,0,0,1,100
"Mr Nick Mallaband, Acting Chief Medical Director, Doncaster & Bassetlaw NHS Foundation Trust",1,0,0,1,100
Mountfield Surgery,1,0,0,1,100
Moss Farm,1,0,0,1,100
Moorbridge School,1,0,0,1,100
Monmouthshire County Council,1,0,0,1,100
MoJ,1,1,0,0,0
Minster Care Group,1,0,0,1,100
Ministry of Defence,1,0,0,1,100
Milton Keynes Urgent Care Service,1,0,0,1,100
Milton Keynes City Council,1,0,0,1,100
Chief Officer (Accountable Officer) NHS Kernow Clinical,1,1,0,0,0
"Chief Nursing Officer, NHS North-East London Integrated Care Board",1,1,0,0,0
Chief Medical Officer for Welsh Government,1,1,0,0,0
Chief Medical Officer for North West Anglia Foundation Trust,1,1,0,0,0
"Chief Executive, Integrated Care Board",1,1,0,0,0
NHS Mid and South Essex Integrated Care Board,1,0,0,1,100
NHS Humber and North Yorkshire ICB,1,0,0,1,100
NHS Hertfordshire and West Essex Integrated Care Board,1,0,0,1,100
NHS Herefordshire and Worcestershire ICB,1,1,0,0,0
NHS Digital,1,1,0,0,0
NHS Devon,1,1,0,0,0
NHS Coventry and Warwickshire ICB,1,1,0,0,0
NHS Cornwall and Isles of Scilly Integrated Care Board,1,0,0,1,100
NHS Cornwall and Isles of Scilly ICB,1,0,0,1,100
NHS Cornwall,1,1,0,0,0
NHS Blood and Transplant,1,0,0,1,100
NHS Sussex,1,0,0,1,100
NHS Suffolk and North East Essex Integrated Care Board,1,1,0,0,0
NHS Staffordshire and Stoke-on-Trent ICB,1,1,0,0,0
NHS South Yorkshire Integrated Care Board,1,0,0,1,100
NHS South West London Integrated Care Board,1,0,0,1,100
NHS South West London ICB,1,0,0,1,100
"NHS Shropshire, Telford and Wrekin ICB",1,1,0,0,0
NHS Pathways/ NHS Digital,1,1,0,0,0
NHS North West London Integrated Care Board,1,0,0,1,100
County Durham & Darlington NHS Foundation Trust,1,0,0,1,100
Complex Spine Clinic,1,0,0,1,100
College of General Practitioners,1,0,0,1,100
Colchester General Hospital,1,1,0,0,0
Coastal Homecare,1,0,0,1,100
Cleveland Police,1,0,0,1,100
Choice Support,1,0,0,1,100
North Staffordshire Combined Healthcare NHS Trust,1,0,0,1,100
North Northamptonshire,1,1,0,0,0
North Middlesex University Hospital,1,0,0,1,100
North East Ambulance Service NHS Foundation Trust,1,0,0,1,100
North Devon Council,1,0,0,1,100
North Court Care Home – Maven Healthcare,1,0,0,1,100
Norfolk and Suffolk NHS Foundation Trust,1,0,0,1,100
Norfolk Swift Response,1,0,0,1,100
Newport City Council – Highways,1,0,0,1,100
Neonatal Network,1,1,0,0,0
Neath Port Talbot County Borough Council,1,0,0,1,100
Natural Resources Wales,1,0,0,1,100
National Director FOR Mental Health,1,1,0,0,0
National Crime Agency,1,0,0,1,100
NHS West Yorkshire Integrated Care Board,1,0,0,1,100
NHS University Hospitals Trust Plymouth,1,0,0,1,100
Chief Executive Whittington Health NHS Trust Whittington Hospital,1,1,0,0,0
Chief Executive Pennine Care NHS Foundation Trust,1,1,0,0,0
Chief Executive Oldham Borough Council,1,1,0,0,0
Chief Executive Officer Cambridge University Hospitals NHS Foundation Trust (CUH),1,1,0,0,0
Chief Executive Of Velindre University Nhs Trust,1,1,0,0,0
Chief Executive Of Aneurin Bevan University Health Board,1,1,0,0,0
Chief Executive North West Ambulance Service,1,1,0,0,0
Chief Executive Hertfordshire County Council,1,0,0,1,100
Chief Constable for the Gloucestershire Constabulary,1,1,0,0,0
Northumbria Healthcare NHS Trust,1,0,0,1,100
Northumberland County Council,1,0,0,1,100
Northamptonshire Police,1,0,0,1,100
Northamptonshire Children Safeguarding Partnership,1,0,0,1,100
Northampton General Hospital,1,0,0,1,100
North West Route Director,1,1,0,0,0
North West Anglia NHS Foundation Trust,1,0,0,1,100
Optum,1,0,0,1,100
One London Board,1,0,0,1,100
Officer of the College of Policing,1,1,0,0,0
Oak Tree Mews Care Home,1,0,0,1,100
Nuffield Health,1,0,0,1,100
Nottinghamshire Police,1,0,0,1,100
Nottinghamshire County Council,1,0,0,1,100
Nottingham and the Head of Healthcare,1,1,0,0,0
Northwest Ambulance Service,1,0,0,1,100
Chief Executive – Hull Royal Infirmary,1,1,0,0,0
Chief Executive officers of the College of Policing,1,1,0,0,0
Chief Executive of the General Medical Council (GMC),1,1,0,0,0
Chief Executive of Worcestershire County Council,1,1,0,0,0
Chief Executive of Tameside General Hospital,1,1,0,0,0
Chief Executive of Dorset Healthcare University NHS Foundation Trust (DHUFT),1,1,0,0,0
Chief Executive of Cheshire and Wirral Partnership NHS Trust,1,1,0,0,0
Pendine Park Care Organisation,1,0,0,1,100
PHL Group (Partnering Health Limited),1,1,0,0,0
Oxleas,1,0,0,1,100
Oxfordshire County Council,1,0,0,1,100
Ordnance Survey,1,0,0,1,100
"Chief Constable JESIP National Police Strategic Lead and Senior Responsible Officer, JESIP Interoperability Board Chair",1,1,0,0,0
Chief Constable Greater Manchester Police,1,1,0,0,0
Chesterfield Borough Council,1,0,0,1,100
Cheshire Constabulary,1,0,0,1,100
Chelsea and Westminster Hospital NHS Foundation Trust,1,0,0,1,100
Chartered Insurance Institute,1,1,0,0,0
Castlegate & Derwent Surgery,1,0,0,1,100
Caring UK,1,0,0,1,100
Careline365,1,0,0,1,100
Cardinal Health,1,0,0,1,100
Oracle,1,0,0,1,100
Queen Mary’s University of London,1,0,0,1,100
Quarry Bank Medical centre,1,0,0,1,100
QCC,1,0,0,1,100
"Prisons, Probation and Reducing Reoffending",1,1,0,0,0
Prisons and Probation Ombudsman,1,1,0,0,0
"Prison, Probation and Reducing Reoffending",1,0,0,1,100
"Prison, Probation and Reducing Offending",1,0,0,1,100
Priory Group Limited,1,1,0,0,0
Primary Care NHS Devon,1,1,0,0,0
Prestwick Care,1,1,0,0,0
President of the Royal College of General Practitioners,1,0,0,1,100
Premiere Health Ltd,1,1,0,0,0
Powys Teaching Health Board,1,1,0,0,0
Portsmouth County Council,1,0,0,1,100
Phoenix Futures,1,0,0,1,100
Peterlee Care Home,1,0,0,1,100
Brooker Group Limited,1,0,0,1,100
Royal College for GP’s,1,1,0,0,0
Rotherham Metropolitan Borough Council,1,1,0,0,0
Rotherham Doncaster and South Humber NHS Foundation Trust,1,0,0,1,100
Rotherham District General Hospital,1,0,0,1,100
Rossendale Borough Council,1,0,0,1,100
Road (Highways Safety) related deaths,1,1,0,0,0
Riverview Surgery,1,0,0,1,100
Riversdale Care Home,1,0,0,1,100
Resus Council UK,1,0,0,1,100
Redcar Council,1,0,0,1,100
Red Oaks Care Community,1,0,0,1,100
Recovery Steps Cumbria,1,0,0,1,100
Recovery Steps,1,0,0,1,100
Rail Safety Board,1,0,0,1,100
RCRP Strategic Partnership Board,1,0,0,1,100
Royal Devon University Healthcare NHS Foundation,1,0,0,1,100
Royal College of Radiology,1,0,0,1,100
Royal College of Nursing,1,0,0,1,100
Cardiff Citu Council,1,0,0,1,100
Cardiff & Vale University Health Board,1,0,0,1,100
Cardiac Risk in the Young (CRY),1,1,0,0,0
Capital Care Group,1,0,0,1,100
Cann House,1,0,0,1,100
Canal & River Trust,1,1,0,0,0
Cambridgeshire and Peterborough ICB,1,0,0,1,100
Cambridgeshire Constabulary,1,0,0,1,100
Cambridge University Hospitals NHS Foundation Trust,1,0,0,1,100
Cabinet Secretary for Health and Social Care,1,1,0,0,0
Cabinet Office,1,1,0,0,0
CGL (Ealing RISE),1,0,0,1,100
Broomwell Health Watch LYD,1,0,0,1,100
Sett Valley Medical Centre,1,0,1,0,0
Service Director for Environment Cornwall Council,1,1,0,0,0
Serco Prison Transport Services,1,0,0,1,100
Serco,1,1,0,0,0
"Secretary of State for building safety, fire and construction regulations",1,0,0,1,100
Sandwell and West Birmingham Hospitals NHS Trust,1,0,0,1,100
Sanctuary Housing,1,0,0,1,100
Sai SKN Ltd,1,0,0,1,100
SSP Health Medical Services Ltd,1,1,0,0,0
SSP Health Ltd,1,0,0,1,100
SCAS Legal Services,1,0,0,1,100
S&G Properties (no.2) limited,1,1,0,0,0
Russells Hall Hospital,1,1,0,0,0
Royal Society for the Prevention of Accidents,1,1,0,0,0
Royal Pharmaceutical Society,1,0,0,1,100
Royal National Lifeboat Institution,1,0,0,1,100
Sirona Care & Health,1,1,0,0,0
Sheffield Wednesday Football Club,1,0,0,1,100
Sheffield Teaching Hospitals NHS Foundation Trust,1,0,0,1,100
"Sheffield Health Partnership, University NHS Foundation Trust",1,0,0,1,100
British Transport Police,1,0,0,1,100
British Sub Aqua Association,1,1,0,0,0
British Society of Gastroenterology,1,0,0,1,100
British Health Trades Association,1,0,0,1,100
British Diving Safety Group,1,0,0,1,100
British Association of Perinatal Medicine,1,0,0,1,100
British Aerosol Manufacturers Association,1,0,0,1,100
Brake,1,0,0,1,100
Bradford Teaching Hospitals NHS Foundation Trust,1,0,0,1,100
Boomtown Festival,1,1,0,0,0
Black Country Healthcare NHS Foundation Trust,1,0,0,1,100
Birchill’s Health Centre,1,1,0,0,0
Barchester Healthcare Ltd,1,0,0,1,100
Sundon Medical Centre,1,0,0,1,100
Suffolk Constabulary,1,0,0,1,100
Sudden Cardiac Arrest UK (SCA UK),1,1,0,0,0
Sub Aqua Association Spcae Solutions Business Centre,1,0,0,1,100
Stoke Mandeville Hospital,1,1,0,0,0
Stockton Council,1,0,0,1,100
Stewarts Law,1,1,0,0,0
Staffordshire and Stoke on Trent Integrated Care Board,1,0,0,1,100
Staffordshire County Council,1,0,0,1,100
St John Ambulance,1,0,0,1,100
South Western Ambulance Service NHS Foundation Trust,1,0,0,1,100
South Tyneside and Sunderland NHS Foundation Trust,1,1,0,0,0
Somerset NHS Foundation Trust (Musgrove Park Hospital Trust),1,0,0,1,100
Society of Motor Manufacturers and Traders,1,1,0,0,0
Snap Group Limited,1,1,0,0,0
Tameside Metropolitan Borough Council,1,0,0,1,100
TEWV,1,0,0,1,100
Sussex Community NHS Foundation Trust,1,0,0,1,100
Surrey and Sussex Healthcare NHS Trust,1,0,0,1,100
Surrey and Borders Partnership NHS Foundation Trust,1,0,0,1,100
Surrey Police,1,0,0,1,100
Belle Green Court Care Home,1,0,0,1,100
Bedfordshire Hospitals NHS Foundation Trust,1,1,0,0,0
Bedford Hospitals NHS Foundation Trust,1,0,0,1,100
Bedford General Hospital,1,1,0,0,0
Beccles Medical Centre,1,0,0,1,100
Basildon University Hospital Trust,1,0,0,1,100
Basildon Hospital (Mid & South Essex NHS Trust),1,0,0,1,100
Basildon Car Park Management,1,0,0,1,100
Barnsley Metropolitan Borough Council,1,0,0,1,100
Barnsley Community Academy,1,0,0,1,100
"The Chief Executive, University Hospitals Sussex NHS",1,1,0,0,0
"The Chief Executive, Tameside and Glossop Integrated Care NHS  Foundation Trust",1,1,0,0,0
"The Chief Executive, Great Western Hospitals, NHS Trust Marlborough Road, Swindon, SN3 6BB",1,0,0,1,100
The Chief Executive of Powys Teaching Hospital Board,1,1,0,0,0
The Chief Executive Total Security Services Limited (TSS),1,1,0,0,0
The Chief Executive Tesco PLC,1,1,0,0,0
The Chief Executive Security Industry Authority (SIA),1,1,0,0,0
The Chief Executive Royal Surrey NHS Foundation Trust,1,1,0,0,0
The Chief Executive Cardiff & Vale University Health Board,1,1,0,0,0
The Chief Constable of Humberside Police,1,0,0,1,100
The Care Bureau,1,0,0,1,100
The Brooke Surgery,1,1,0,0,0
The British Society for Genetic Medicine,1,1,0,0,0
Telemedicine Clinic Limited,1,0,0,1,100
Telecare Services Association,1,0,0,1,100
Tavistock and Portman NHS Foundation Trust,1,0,0,1,100
The Medicine and Healthcare Products and Regulatory Agency,1,0,0,1,100
The Mayor of London,1,1,0,0,0
The Manor Clinic Folkestone Kent,1,0,0,1,100
The Lift and Escalator Industry Association,1,1,0,0,0
The Lakes Care Centre,1,1,0,0,0
The Grove Surgery,1,1,0,0,0
The Governor of HM Prison Parc,1,1,0,0,0
The Governor HMP Stocken,1,1,0,0,0
The General Optical Council,1,1,0,0,0
The Gambling Commission,1,0,0,1,100
The Football Association,1,1,0,0,0
The First Minister of Wales,1,0,0,1,100
The Crown Premises Fire & Safety Inspectorate,1,1,0,0,0
The Crescent Surgery,1,0,0,1,100
The Commissioner of the Metropolitan Police,1,0,0,1,100
The Children’s Trust,1,0,0,1,100
Toyota PLC,1,1,0,0,0
Townhead Surgery,1,0,0,1,100
Torbay and South Devon NHS Foundation Trust,1,0,0,1,100
The York Hospital,1,0,0,1,100
The Wheelchair Alliance,1,0,0,1,100
The Telecare Services Association,1,0,0,1,100
The Scouting Association,1,0,0,1,100
The Royal Wolverhampton NHS Trust,1,0,0,1,100
The Royal College of General Practitioners (RCGP),1,0,0,1,100
The Royal College of Emergency Medicine (‘RCEM’),1,1,0,0,0
The Rotherham NHS Foundation Trust,1,1,0,0,0
The Robert Jones and Agnes Hunt Orthopaedic Hospital NHS Foundation Trust,1,0,0,1,100
The Road Surface Treatments Association,1,0,0,1,100
The Riverside Group Limited,1,0,0,1,100
The President of the British Society of Gastroenterology,1,1,0,0,0
The Practice Plus Group,1,1,0,0,0
"Association of Directors of Environment, Economy, Planning & Transport",1,0,0,1,100
Association of Coloproctology of Great Britain,1,0,0,1,100
Association of British Travel Agents,1,0,0,1,100
Association of British Insurers,1,1,0,0,0
University Hospitals of Northamptonshire,1,0,0,1,100
University Hospitals of North Midlands NHS Trust,1,0,0,1,100
University Hospitals of Leicester NHS Trust,1,0,0,1,100
University Hospitals of Derby and Burton NHS Foundation Trust,1,0,0,1,100
University Hospitals Coventry and Warwickshire NHS Trust,1,0,0,1,100
University Health Board,1,1,0,0,0
University College London Hospitals NHS Foundation Trust,1,1,0,0,0
Unity Healthcare,1,0,0,1,100
Unilver Plc,1,0,0,1,100
Uber Eats,1,0,0,1,100
UK Sports Institute (formerly the English Institute of Sport),1,1,0,0,0
UK National Screening Committee,1,1,0,0,0
Aria Care,1,1,0,0,0
[REDACTED] President of The Royal College of Surgeons,1,0,1,0,0
[REDACTED] President of The Royal College of Phyisicians,1,0,1,0,0
[REDACTED] HMP Garth,1,1,0,0,0
[REDACTED] Chief Executive of Digital Health & Care Wales,1,1,0,0,0
Your Health Partnership Regis Medical Centre,1,0,0,1,100
Yorkshire Ambulance Service NHS Trust,1,1,0,0,0
Whittington Health,1,0,0,1,100
York & Scarborough NHS Trust,1,0,0,1,100
YAS Legal,1,0,0,1,100
West Midlands Fire Service,1,0,0,1,100
West London NHS Trust,1,0,0,1,100
Advisory Council on the Misuse of Drugs,1,0,0,1,100
Warwickshire County Council – Children with Disabilities team,1,1,0,0,0
Warwickshire County Council,1,0,0,1,100
Walsall Council,1,1,0,0,0
Wrexham County Borough Council,1,0,0,1,100
Worcestershire County Council,1,0,0,1,100
Williams and Spenceley Limited,1,1,0,0,0
Alexandra & Crestview Surgeries,1,1,0,0,0
Alexandra Homes Ltd,1,0,0,1,100
Wheelchair Accessible Vehicle Converters Association,1,0,0,1,100
Westwood Hall Nursing Home,1,0,0,1,100
Westfield Residential Home,1,0,0,1,100
West Yorkshire Police,1,0,0,1,100
West Sussex County Council,1,0,0,1,100
West Northamptonshire Council,1,0,0,1,100
West Northamptonshire,1,0,0,1,100
West Midlands Police,1,1,0,0,0
Associated British Ports,1,0,0,1,100
Aspray House Nursing Home,1,0,0,1,100
Ashton Lodge Care Home,1,0,0,1,100
