Addressed to,2018.0,2019.0,2022.0,2023.0,2024.0,2025.0,2026.0,Total,% completed,completed,partial,overdue,pending
Department of Health and Social Care,0,0,1,1,3,101,37,143,76,110,24,9,1
NHS England,0,1,2,1,3,71,44,122,74,92,21,9,2
REDACTED,0,0,0,0,0,30,6,36,24,9,11,16,1
Department for Transport,1,0,0,0,2,20,6,29,72,21,7,1,0
Ministry of Justice,0,0,0,0,1,14,10,25,40,10,11,4,0
Home Office,0,0,0,0,1,20,4,25,64,16,5,4,0
HM Prison and Probation Service,0,0,0,0,0,18,5,23,61,14,8,1,0
Care Quality Commission,0,0,0,0,1,13,7,21,52,11,7,3,0
National Institute for Health and Care Excellence,0,0,0,0,0,12,5,17,71,12,5,0,0
College of Policing,0,0,0,0,0,10,3,13,54,7,5,1,0
Health and Safety Executive,0,0,0,0,1,9,3,13,62,8,5,0,0
National Highways,0,0,1,0,0,10,2,13,85,11,2,0,0
Medicines and Healthcare Products Regulatory Agency,0,0,0,0,0,7,3,10,45,5,1,4,1
NHS Greater Manchester Integrated Care Board,0,0,0,0,0,8,1,9,89,8,0,1,0
"Ministry of Housing, Communities and Local Government",0,0,0,0,1,7,1,9,56,5,3,1,0
Barts Health NHS Trust,0,0,0,0,0,6,2,8,75,6,0,2,0
Department for Education,0,0,0,0,0,6,2,8,25,2,4,2,0
University Hospitals Birmingham NHS Foundation Trust,0,0,0,0,0,6,2,8,89,8,0,0,1
East Midlands Ambulance Service NHS Trust,0,0,0,0,0,5,3,8,75,6,1,1,0
Metropolitan Police Service,0,0,0,0,0,5,3,8,50,4,3,1,0
Royal College of General Practitioners,0,0,0,0,0,3,4,7,86,6,0,1,0
Aneurin Bevan University Health Board,0,0,0,0,1,4,2,7,86,6,1,0,0
Royal College of Paediatrics and Child Health,0,0,0,0,0,6,1,7,100,7,0,0,0
"Department for Culture, Media and Sport",0,0,0,0,0,6,1,7,100,7,0,0,0
Betsi Cadwaladr University Health Board,0,0,0,0,0,5,2,7,86,6,1,0,0
Sussex Partnership NHS Foundation Trust,0,0,0,0,0,5,2,7,100,7,0,0,0
Practice Plus Group,0,0,0,0,0,4,3,7,57,4,2,1,0
Royal College of Emergency Medicine,0,0,0,0,0,6,0,6,67,4,1,1,0
Royal College of Obstetricians and Gynaecologists,0,0,0,0,0,5,1,6,100,6,0,0,0
East London NHS Foundation Trust,0,0,0,0,0,2,4,6,100,6,0,0,0
Doncaster and Bassetlaw Teaching Hospitals NHS Foundation Trust,0,0,0,0,0,5,1,6,67,4,0,2,0
Essex Partnership University NHS Foundation Trust,0,0,1,0,0,5,0,6,67,4,2,0,0
Driver and Vehicle Standards Agency,0,0,0,0,0,3,3,6,50,3,3,0,0
East Suffolk and North Essex NHS Foundation Trust,0,0,0,0,1,2,3,6,83,5,1,0,0
Cwm Taf Morgannwg University Health Board,0,0,0,1,0,3,2,6,67,4,2,0,0
South London and Maudsley NHS Foundation Trust,0,0,0,0,0,3,2,5,60,3,1,1,0
Royal Cornwall Hospitals NHS Trust,0,0,0,0,0,3,2,5,80,4,1,0,0
National Police Chiefs’ Council,0,0,0,0,0,3,2,5,100,5,0,0,0
Greater Manchester Police,0,0,0,0,0,3,2,5,100,5,0,0,0
Devon and Cornwall Police,0,0,0,0,0,3,2,5,80,4,1,0,0
Berkshire Healthcare NHS Foundation Trust,0,0,0,0,0,3,2,5,60,3,0,2,0
Stockport NHS Foundation Trust,0,0,0,0,0,4,1,5,60,3,1,1,0
Royal Free London NHS Foundation Trust,0,0,0,0,0,4,1,5,100,5,0,0,0
Oxleas NHS Foundation Trust,0,0,0,0,0,4,1,5,60,3,2,0,0
Northamptonshire Healthcare Foundation Trust,0,0,0,0,0,4,1,5,80,4,0,1,0
South Central Ambulance Service NHS Foundation Trust,0,0,0,0,0,5,0,5,80,4,1,0,0
Milton Keynes University Hospital NHS Foundation Trust,0,0,0,0,0,5,0,5,60,3,2,0,0
West Suffolk NHS Foundation Trust,0,0,0,0,0,2,3,5,80,4,1,0,0
Welsh Government,0,0,0,0,0,4,1,5,40,2,3,0,0
Transport for London,0,0,0,0,1,3,0,4,75,3,1,0,0
Swansea Bay University Health Board,0,0,0,0,0,3,1,4,75,3,1,0,0
Shrewsbury and Telford Hospital NHS Trust,0,0,0,0,0,2,2,4,100,4,0,0,0
Royal College of Physicians,0,0,0,0,0,3,1,4,75,3,1,0,0
North London NHS Foundation Trust,0,0,0,0,0,3,1,4,100,4,0,0,0
NHS Birmingham and Solihull Integrated Care Board,0,0,0,0,0,3,1,4,100,4,0,0,0
University Hospitals Sussex NHS Foundation Trust,0,0,0,0,0,2,2,4,75,3,0,1,0
Nursing and Midwifery Council,0,0,0,0,0,1,3,4,25,1,3,0,0
South West Yorkshire Partnership NHS Foundation Trust,0,0,0,1,0,1,2,4,100,4,0,0,0
Cardiff and Vale University Health Board,0,0,0,0,0,1,3,4,75,3,1,0,0
Blackpool Teaching Hospitals NHS Foundation Trust,0,0,0,0,0,3,1,4,75,3,0,1,0
Association of Ambulance Chief Executives,0,0,0,0,0,3,1,4,50,2,2,0,0
Department for Work and Pensions,0,0,0,0,0,3,1,4,25,1,2,1,0
Mid and South Essex NHS Foundation Trust,0,0,0,0,0,4,0,4,100,4,0,0,0
Royal College of Psychiatrists,0,0,0,0,0,4,0,4,25,1,2,1,0
Office for Product Safety and Standards,0,0,0,0,0,4,0,4,100,4,0,0,0
York and Scarborough Teaching Hospitals NHS Foundation Trust,0,0,0,0,0,2,1,3,33,1,0,2,0
"Cumbria, Northumberland, Tyne and Wear NHS Foundation Trust",0,0,0,0,0,1,2,3,67,2,1,0,0
Birmingham and Solihull Mental Health NHS Foundation Trust,0,0,0,0,0,2,1,3,67,2,1,0,0
Sherwood Forest Hospitals NHS Foundation Trust,0,0,0,0,0,2,1,3,100,3,0,0,0
North West Ambulance Service NHS Trust,0,0,0,0,0,2,1,3,100,3,0,0,0
Central and North West London NHS Foundation Trust,0,0,0,0,0,2,1,3,67,2,1,0,0
"Department for Science, Innovation and Technology",0,0,0,0,0,2,1,3,100,3,0,0,0
NHS North East and North Cumbria Integrated Care Board,0,0,0,0,0,2,1,3,100,3,0,0,0
Royal College of Surgeons,0,0,0,0,0,2,1,3,67,2,1,0,0
Northern Care Alliance NHS Foundation Trust,0,0,0,0,0,2,1,3,100,3,0,0,0
South Yorkshire Police,0,0,0,1,0,1,1,3,100,3,0,0,0
Nottingham University Hospitals NHS Trust,0,0,0,0,0,2,1,3,100,3,0,0,0
Frimley Health NHS Foundation Trust,0,0,0,0,0,2,1,3,67,2,0,1,0
Manchester University NHS Foundation Trust,0,0,0,0,0,2,1,3,100,3,0,0,0
Greater Manchester Mental Health NHS Foundation Trust,0,0,0,0,0,1,2,3,100,3,0,0,0
Oxford Health NHS Foundation Trust,0,0,0,0,0,2,1,3,33,1,1,1,0
Independent Office for Police Conduct,0,0,0,0,0,2,1,3,33,1,2,0,0
Kent and Medway NHS and Social Care Partnership Trust,0,0,0,0,0,2,1,3,100,3,0,0,0
Lincolnshire Police,0,0,0,0,0,2,1,3,100,3,0,0,0
"Barking, Havering and Redbridge University Hospitals NHS Trust",0,0,0,0,0,2,1,3,100,3,0,0,0
University Hospitals of North Midlands NHS Trust,0,0,0,0,0,2,1,3,100,3,0,0,0
National Fire Chiefs Council,0,0,0,0,0,2,1,3,0,0,1,2,0
Driver and Vehicle Licensing Agency,0,0,0,0,1,2,0,3,67,2,1,0,0
HM Inspectorate of Prisons,0,0,0,0,1,1,1,3,33,1,1,1,0
Welsh Ambulance Services University NHS Trust,0,0,0,0,0,1,2,3,67,2,1,0,0
Civil Aviation Authority,0,0,0,0,0,3,0,3,33,1,2,0,0
Tameside and Glossop Integrated Care NHS Foundation Trust,0,0,0,0,0,3,0,3,67,2,0,1,0
Cornwall Council,0,0,0,0,0,3,0,3,67,2,1,0,0
HM Prison Lowdham Grange,0,0,0,0,0,1,2,3,33,1,2,0,0
Department for Business and Trade,0,0,0,0,0,3,0,3,33,1,2,0,0
Devon Partnership NHS Trust,0,0,0,0,0,3,0,3,67,2,1,0,0
East Kent Hospitals University NHS Foundation Trust,0,0,0,0,0,3,0,3,100,3,0,0,0
Essex County Council,0,0,0,0,0,3,0,3,100,3,0,0,0
General Medical Council,0,0,0,0,0,3,0,3,33,1,2,0,0
Northumbria Healthcare NHS Foundation Trust,0,0,0,0,0,3,0,3,100,3,0,0,0
Midlands Partnership University NHS Foundation Trust,0,0,0,0,0,1,2,3,67,2,1,0,0
Oxford University Hospitals NHS Foundation Trust,0,0,0,0,1,2,0,3,100,3,0,0,0
Worcestershire Acute Hospitals NHS Trust,0,0,0,0,0,3,0,3,67,2,1,0,0
Surrey and Sussex Healthcare NHS Trust,0,0,0,0,0,3,0,3,67,2,1,0,0
Somerset NHS Foundation Trust,0,0,0,0,0,3,0,3,67,2,0,1,0
St George’s University Hospitals NHS Foundation Trust,0,0,0,0,1,2,0,3,100,3,0,0,0
NHS Derby and Derbyshire Integrated Care Board,0,0,0,0,0,1,1,2,67,2,0,0,1
West Yorkshire Police,0,0,0,0,0,2,0,2,100,2,0,0,0
The Newcastle upon Tyne Hospitals NHS Foundation Trust,0,0,0,0,0,2,0,2,50,1,0,1,0
West Midlands Ambulance Service University NHS Foundation Trust,0,0,0,0,0,1,1,2,50,1,1,0,0
London Ambulance Service NHS Trust,0,0,0,0,0,1,1,2,50,1,0,1,0
The Princess Alexandra Hospital NHS Trust,0,0,0,0,0,2,0,2,100,2,0,0,0
Faculty of Intensive Care Medicine,0,0,0,0,0,1,1,2,100,2,0,0,0
Suffolk County Council,0,0,0,0,0,1,1,2,100,2,0,0,0
University Hospital Southampton NHS Foundation Trust,0,0,0,0,0,1,1,2,50,1,1,0,0
Warwickshire Police,0,0,0,0,0,2,0,2,0,0,0,2,0
Herefordshire and Worcestershire Health and Care NHS Trust,0,0,0,0,0,1,1,2,50,1,1,0,0
University Hospitals Plymouth NHS Trust,0,0,0,0,0,2,0,2,100,2,0,0,0
Bedfordshire Police,0,0,0,0,0,1,1,2,100,2,0,0,0
Thames Valley Police,0,0,0,0,0,2,0,2,100,2,0,0,0
Central London Community Healthcare NHS Trust,0,0,0,0,0,1,1,2,100,2,0,0,0
North Cumbria Integrated Care NHS Foundation Trust,0,0,0,0,0,1,1,2,100,2,0,0,0
Cheshire Constabulary,0,0,0,0,0,1,1,2,100,2,0,0,0
North East London NHS Foundation Trust,0,0,0,0,0,1,1,2,100,2,0,0,0
Northamptonshire Healthcare NHS Foundation Trust,0,0,0,0,0,1,1,2,0,0,2,0,0
Walsall Healthcare NHS Trust,0,0,0,0,0,1,1,2,100,2,0,0,0
Government Legal Department,0,0,0,0,0,1,1,2,50,1,0,1,0
South West London and St George’s Mental Health NHS Trust,0,0,0,0,0,1,1,2,100,2,0,0,0
Hywel Dda University Health Board,0,0,0,0,0,0,2,2,50,1,1,0,0
"Tees, Esk and Wear Valley NHS Foundation Trust",0,0,0,0,0,2,0,2,50,1,0,1,0
Cardinal Healthcare,0,0,0,0,0,0,2,2,50,1,0,1,0
Essex Police,0,0,0,0,0,0,2,2,100,2,0,0,0
Essex University Partnership Trust,0,0,0,0,0,0,2,2,100,2,0,0,0
HM Prison Pentonville,0,0,0,0,0,0,2,2,0,0,2,0,0
Serco,0,0,0,0,0,1,1,2,50,1,1,0,0
Pennine Care NHS Foundation Trust,0,0,0,0,0,1,1,2,100,2,0,0,0
NHS Nottingham and Nottinghamshire Integrated Care Board,0,0,0,0,0,0,2,2,100,2,0,0,0
Nottingham Emergency Medical Service,0,0,0,0,0,0,2,2,100,2,0,0,0
Coventry and Warwickshire Partnership NHS Trust,0,0,0,0,0,1,1,2,100,2,0,0,0
Greater Manchester Integrated Care Board,0,0,0,0,0,2,0,2,100,2,0,0,0
Gloucestershire Health and Care NHS Foundation Trust,0,0,0,0,0,2,0,2,50,1,0,1,0
Essex Partnership University NHS Trust,0,0,0,0,0,2,0,2,100,2,0,0,0
Epsom and St Helier University Hospitals NHS Trust,0,0,0,0,0,2,0,2,50,1,0,1,0
Durham County Council,0,0,0,0,0,1,1,2,50,1,1,0,0
Cornwall Partnership NHS Foundation Trust,0,0,0,0,0,2,0,2,0,0,2,0,0
Care UK,0,0,0,0,0,2,0,2,100,2,0,0,0
"Department for Environment, Food and Rural Affairs",0,0,0,0,0,2,0,2,100,2,0,0,0
Royal College of Midwives,0,0,0,0,0,1,1,2,50,1,1,0,0
HM Prison Wormwood Scrubs,0,0,0,0,0,2,0,2,50,1,1,0,0
Calderdale and Huddersfield NHS Foundation Trust,0,0,0,0,0,2,0,2,0,0,1,1,0
CQC North,0,0,0,0,0,2,0,2,50,1,1,0,0
Bradford Council,0,0,0,0,0,2,0,2,100,2,0,0,0
Birmingham City Council,0,0,0,0,0,2,0,2,50,1,1,0,0
Association of Anaesthetists,0,0,0,0,0,2,0,2,0,0,2,0,0
HM Prison Woodhill,0,0,0,0,0,1,1,2,0,0,2,0,0
HM Prison Elmley,0,0,0,0,0,1,1,2,100,2,0,0,0
HM Prison Wandsworth,0,0,0,0,0,1,1,2,50,1,1,0,0
Mitie Group,0,0,0,0,1,1,0,2,50,1,1,0,0
Hull University Teaching Hospitals NHS Trust,0,0,0,0,1,0,1,2,100,2,0,0,0
Rhondda Cynon Taf County Borough Council,0,0,0,0,0,1,1,2,50,1,1,0,0
South Wales Police,0,0,0,0,0,2,0,2,100,2,0,0,0
South Tyneside and Sunderland NHS Foundation Trust,0,0,0,0,0,2,0,2,50,1,0,1,0
South East Coast Ambulance Service NHS Foundation Trust,0,0,0,0,0,2,0,2,100,2,0,0,0
Royal College of Pathologists,0,0,0,0,0,2,0,2,0,0,2,0,0
Royal College of Anaesthetists,0,0,0,0,0,2,0,2,0,0,2,0,0
Royal Berkshire NHS Foundation Trust,0,0,0,0,0,2,0,2,100,2,0,0,0
Nottinghamshire Healthcare NHS Foundation Trust,0,0,0,0,0,2,0,2,50,1,1,0,0
Nottingham and Nottinghamshire Police,0,0,0,0,0,2,0,2,50,1,1,0,0
Network Rail,0,0,0,0,0,2,0,2,100,2,0,0,0
National Medical Examiner,0,0,0,0,0,2,0,2,0,0,0,2,0
NHS Northamptonshire Integrated Care Board,0,0,0,0,0,2,0,2,0,0,1,1,0
NHS Hampshire and Isle of Wight Integrated Care Board,0,0,0,0,0,2,0,2,100,2,0,0,0
Ministry of Defence,0,0,0,0,0,2,0,2,100,2,0,0,0
Lincolnshire County Council,0,0,0,0,0,2,0,2,100,2,0,0,0
Lewisham and Greenwich NHS Trust,0,0,0,0,0,2,0,2,50,1,1,0,0
Lewisham Council,0,0,0,0,0,2,0,2,0,0,2,0,0
Lancashire Teaching Hospitals NHS Foundation Trust,0,0,0,0,0,2,0,2,100,2,0,0,0
Islington Council,0,0,0,0,0,2,0,2,100,2,0,0,0
South Western Ambulance Service NHS Foundation Trust,0,0,0,0,0,2,0,2,100,2,0,0,0
Hampshire and Isle of Wight Healthcare NHS Foundation Trust,0,0,0,0,0,2,0,2,100,2,0,0,0
Wales prevention of future deaths reports (2019 onwards),0,0,0,0,0,1,0,1,0,0,1,0,0
Walsall Council,0,0,0,0,0,1,0,1,100,1,0,0,0
The Telecare Services Association,0,0,0,0,0,1,0,1,100,1,0,0,0
University Hospitals of Northamptonshire,0,0,0,0,0,1,0,1,100,1,0,0,0
WIGAN INTERGRATED CARE BOARD,0,0,0,0,0,1,0,1,0,0,1,0,0
University Hospitals of Morecambe Bay NHS Foundation Trust,0,0,0,0,0,1,0,1,0,0,1,0,0
The Unite Group plc,0,0,0,0,0,1,0,1,100,1,0,0,0
University College London Hospitals NHS Foundation Trust,0,0,0,0,0,1,0,1,0,0,0,1,0
The York Hospital,0,0,0,0,0,1,0,1,100,1,0,0,0
Uber Eats,0,0,0,0,0,1,0,1,100,1,0,0,0
UK Sports Institute (formerly the English Institute of Sport),0,0,0,0,0,1,0,1,0,0,1,0,0
UK National Screening Committee,0,0,0,0,0,1,0,1,0,0,1,0,0
Toyota PLC,0,0,0,0,0,1,0,1,0,0,1,0,0
Townhead Surgery,0,0,0,0,0,1,0,1,100,1,0,0,0
Tower Hamlets Council,0,0,0,0,0,1,0,1,0,0,1,0,0
The Royal College of General Practitioners (RCGP),0,0,0,0,0,1,0,1,100,1,0,0,0
Bank Close House Residential Care Home,0,0,0,0,0,0,1,1,100,1,0,0,0
Asthma & Lung (for information),0,0,0,0,0,0,1,1,0,0,0,1,0
Association of the British Pharmaceutical Industry,0,0,0,0,0,0,1,1,100,1,0,0,0
Anglican Water,0,0,0,0,0,0,1,1,100,1,0,0,0
Alternative Futures Group,0,0,0,0,0,0,1,1,100,1,0,0,0
: Peterlee Care Home,0,0,0,0,0,0,1,1,100,1,0,0,0
[REDACTED] HMP Garth,0,0,0,0,0,1,0,1,0,0,0,1,0
[REDACTED] Chief Executive of Digital Health & Care Wales,0,0,0,0,0,1,0,1,0,0,1,0,0
Your Health Partnership Regis Medical Centre,0,0,0,0,0,1,0,1,100,1,0,0,0
York & Scarborough NHS Trust,0,0,0,0,0,1,0,1,100,1,0,0,0
YAS Legal,0,0,0,0,0,1,0,1,100,1,0,0,0
Wrexham County Borough Council,0,0,0,0,0,1,0,1,100,1,0,0,0
The Royal Wolverhampton NHS Trust,0,0,0,0,0,1,0,1,100,1,0,0,0
Williams and Spenceley Limited,0,0,0,0,0,1,0,1,0,0,1,0,0
Wigan Metropolitan Borough Council,0,0,0,0,0,1,0,1,100,1,0,0,0
Whittington Health NHS Trust,0,0,0,0,0,1,0,1,100,1,0,0,0
Whittington Health,0,0,0,0,0,1,0,1,100,1,0,0,0
White Horse Medical Practice,0,0,0,0,0,1,0,1,0,0,1,0,0
Westwood Hall Nursing Home,0,0,0,0,0,1,0,1,100,1,0,0,0
Westminster City Council,0,0,0,0,0,1,0,1,0,0,1,0,0
West Sussex County Council,0,0,0,0,0,1,0,1,100,1,0,0,0
West Midlands Police,0,0,0,0,0,1,0,1,0,0,1,0,0
West Midlands Fire Service,0,0,0,0,0,1,0,1,100,1,0,0,0
Welsh Parliament,0,0,0,0,0,1,0,1,100,1,0,0,0
Ward Bros (Malton) Ltd,0,0,0,0,0,1,0,1,100,1,0,0,0
Wandsworth Council,0,0,0,0,0,1,0,1,0,0,1,0,0
Willow Grange Care Home,0,0,0,0,0,1,0,1,100,1,0,0,0
Surrey Police,0,0,0,0,0,1,0,1,100,1,0,0,0
Suffolk Constabulary,0,0,0,0,0,1,0,1,100,1,0,0,0
Sudden Cardiac Arrest UK (SCA UK),0,0,0,0,0,1,0,1,0,0,1,0,0
Sub Aqua Association Spcae Solutions Business Centre,0,0,0,0,0,1,0,1,0,0,1,0,0
Stryker (UK) Ltd,0,0,0,0,0,1,0,1,100,1,0,0,0
Stoke Talking Therapies,0,0,0,0,0,1,0,1,0,0,1,0,0
Stoke Mandeville Hospital,0,0,0,0,0,1,0,1,0,0,1,0,0
Stockton Council,0,0,0,0,0,1,0,1,100,1,0,0,0
Stewarts Law,0,0,0,0,0,1,0,1,0,0,1,0,0
Staffordshire Highways,0,0,0,0,0,1,0,1,100,1,0,0,0
St John Ambulance,0,0,0,0,0,1,0,1,0,0,1,0,0
Southwark Council,0,0,0,0,0,1,0,1,0,0,1,0,0
Somerset NHS Foundation Trust (Musgrove Park Hospital Trust),0,0,0,0,0,1,0,1,100,1,0,0,0
Sodexo,0,0,0,0,0,1,0,1,100,1,0,0,0
Snap Group Limited,0,0,0,0,0,1,0,1,0,0,1,0,0
Attorney General of England and Wales and the Director of Public Prosecutions,0,0,0,0,0,0,1,1,0,0,0,1,0
Royal Borough of Kensington and Chelsea,0,0,0,0,0,1,0,1,0,0,1,0,0
Royal College of Nursing,0,0,0,0,0,1,0,1,100,1,0,0,0
Royal College of Radiology,0,0,0,0,0,1,0,1,100,1,0,0,0
Royal Devon University Healthcare NHS Foundation,0,0,0,0,0,1,0,1,100,1,0,0,0
Royal National Lifeboat Institution,0,0,0,0,0,1,0,1,100,1,0,0,0
Royal Pharmaceutical Society,0,0,0,0,0,1,0,1,100,1,0,0,0
Royal Society for the Prevention of Accidents,0,0,0,0,0,1,0,1,100,1,0,0,0
Sheffield Wednesday Football Club,0,0,0,0,0,1,0,1,100,1,0,0,0
Russells Hall Hospital,0,0,0,0,0,1,0,1,0,0,0,1,0
SCAS Legal Services,0,0,0,0,0,1,0,1,100,1,0,0,0
SSP Health Ltd,0,0,0,0,0,1,0,1,100,1,0,0,0
SSP Health Medical Services Ltd,0,0,0,0,0,1,0,1,0,0,1,0,0
Sanctuary Housing,0,0,0,0,0,1,0,1,100,1,0,0,0
Sandwell and West Birmingham Hospitals NHS Trust,0,0,0,0,0,1,0,1,100,1,0,0,0
Service Director for Environment Cornwall Council,0,0,0,0,0,1,0,1,0,0,0,1,0
"Sheffield Health Partnership, University NHS Foundation Trust",0,0,0,0,0,1,0,1,100,1,0,0,0
Royal Surrey NHS Foundation Trust,0,0,0,0,0,1,0,1,100,1,0,0,0
The Football Association,0,0,0,0,0,1,0,1,0,0,1,0,0
The General Optical Council,0,0,0,0,0,1,0,1,0,0,1,0,0
The Governor HMP Stocken,0,0,0,0,0,1,0,1,0,0,1,0,0
The Lakes Care Centre,0,0,0,0,0,1,0,1,0,0,0,1,0
The Lift and Escalator Industry Association,0,0,0,0,0,1,0,1,100,1,0,0,0
The Manor Clinic Folkestone Kent,0,0,0,0,0,1,0,1,100,1,0,0,0
The Mayor of London,0,0,0,0,0,1,0,1,0,0,1,0,0
Surrey and Borders Partnership NHS Foundation Trust,0,0,0,0,0,1,0,1,100,1,0,0,0
The Nerams Group,0,0,0,0,0,1,0,1,100,1,0,0,0
The Pembroke Medical Practice,0,0,0,0,0,1,0,1,100,1,0,0,0
The Petroleum Enforcement Liaison Group,0,0,0,0,0,1,0,1,0,0,1,0,0
The President of the British Society of Gastroenterology,0,0,0,0,0,1,0,1,0,0,0,1,0
The Riverside Group Limited,0,0,0,0,0,1,0,1,100,1,0,0,0
The Road Surface Treatments Association,0,0,0,0,0,1,0,1,100,1,0,0,0
The Robert Jones and Agnes Hunt Orthopaedic Hospital NHS Foundation Trust,0,0,0,0,0,1,0,1,100,1,0,0,0
The Rotherham NHS Foundation Trust,0,0,0,0,0,1,0,1,100,1,0,0,0
The Medicine and Healthcare Products and Regulatory Agency,0,0,0,0,0,1,0,1,100,1,0,0,0
TEWV,0,0,0,0,0,1,0,1,100,1,0,0,0
TUI UK,0,0,0,0,0,1,0,1,100,1,0,0,0
Tameside Metropolitan Borough Council,0,0,0,0,0,1,0,1,100,1,0,0,0
Tavistock and Portman NHS Foundation Trust,0,0,0,0,0,1,0,1,100,1,0,0,0
The British Orthopaedic Association,0,0,0,0,0,1,0,1,100,1,0,0,0
The British Society for Genetic Medicine,0,0,0,0,0,1,0,1,0,0,1,0,0
The Chief Executive Cardiff & Vale University Health Board,0,0,0,0,0,1,0,1,0,0,1,0,0
The First Minister of Wales,0,0,0,0,0,1,0,1,100,1,0,0,0
The Chief Executive Tesco PLC,0,0,0,0,0,1,0,1,0,0,1,0,0
The Chief Executive Total Security Services Limited (TSS),0,0,0,0,0,1,0,1,0,0,1,0,0
The Chief Executive of Powys Teaching Hospital Board,0,0,0,0,0,1,0,1,0,0,0,1,0
"The Chief Executive, Great Western Hospitals, NHS Trust Marlborough Road, Swindon, SN3 6BB",0,0,0,0,0,1,0,1,100,1,0,0,0
"The Chief Executive, Tameside and Glossop Integrated Care NHS  Foundation Trust",0,0,0,0,0,1,0,1,0,0,0,1,0
The Children’s Trust,0,0,0,0,0,1,0,1,100,1,0,0,0
The City of London,0,0,0,0,0,1,0,1,0,0,1,0,0
The Crown Premises Fire & Safety Inspectorate,0,0,0,0,0,1,0,1,0,0,1,0,0
The Chief Executive Security Industry Authority (SIA),0,0,0,0,0,1,0,1,0,0,1,0,0
Ordnance Survey,0,0,0,0,0,0,1,1,100,1,0,0,0
Oxleas,0,0,0,0,0,0,1,1,100,1,0,0,0
Phoenix Futures,0,0,0,0,0,0,1,1,100,1,0,0,0
Powys Teaching Health Board,0,0,0,0,0,0,1,1,0,0,1,0,0
Premiere Health Ltd,0,0,0,0,0,0,1,1,0,0,1,0,0
"Prison, Probation and Reducing Offending",0,0,0,0,0,0,1,1,100,1,0,0,0
Prisons and Probation Ombudsman,0,0,0,0,0,0,1,1,0,0,1,0,0
Multi-Care Community Services Suffolk,0,0,0,0,0,0,1,1,100,1,0,0,0
QCC,0,0,0,0,0,0,1,1,100,1,0,0,0
Quarry Bank Medical centre,0,0,0,0,0,0,1,1,100,1,0,0,0
Recovery Steps,0,0,0,0,0,0,1,1,100,1,0,0,0
Recovery Steps Cumbria,0,0,0,0,0,0,1,1,0,0,1,0,0
Riverview Surgery,0,0,0,0,0,0,1,1,100,1,0,0,0
Rossendale Borough Council,0,0,0,0,0,0,1,1,0,0,1,0,0
Rotherham Doncaster and South Humber NHS Foundation Trust,0,0,0,0,0,0,1,1,100,1,0,0,0
Royal College for GP’s,0,0,0,0,0,0,1,1,0,0,1,0,0
"Prisons, Probation and Reducing Reoffending",0,0,0,0,0,0,1,1,0,0,0,1,0
NHS Digital,0,0,0,0,0,0,1,1,0,0,0,1,0
NHS Pathways/ NHS Digital,0,0,0,0,0,0,1,1,0,0,1,0,0
NHS South West London ICB,0,0,0,0,0,0,1,1,100,1,0,0,0
NHS Suffolk and North East Essex Integrated Care Board,0,0,0,0,0,0,1,1,0,0,1,0,0
National Crime Agency,0,0,0,0,0,0,1,1,0,0,0,1,0
Natural Resources Wales,0,0,0,0,0,0,1,1,100,1,0,0,0
Neath Port Talbot County Borough Council,0,0,0,0,0,0,1,1,100,1,0,0,0
One London Board,0,0,0,0,0,0,1,1,100,1,0,0,0
Norfolk Swift Response,0,0,0,0,0,0,1,1,100,1,0,0,0
Norfolk and Suffolk NHS Foundation Trust,0,0,0,0,0,0,1,1,100,1,0,0,0
North Devon Council,0,0,0,0,0,0,1,1,100,1,0,0,0
North Middlesex University Hospital,0,0,0,0,0,0,1,1,100,1,0,0,0
North West Route Director,0,0,0,0,0,0,1,1,0,0,1,0,0
Northumbria Healthcare NHS Trust,0,0,0,0,0,0,1,1,100,1,0,0,0
Northwest Ambulance Service,0,0,0,0,0,0,1,1,100,1,0,0,0
Nuffield Health,0,0,0,0,0,0,1,1,100,1,0,0,0
Newport City Council – Highways,0,0,0,0,0,0,1,1,100,1,0,0,0
Torbay and South Devon NHS Foundation Trust,0,0,0,0,0,0,1,1,100,1,0,0,0
UK Health Security Agency,0,0,0,0,0,0,1,1,0,0,1,0,0
Unilver Plc,0,0,0,0,0,0,1,1,100,1,0,0,0
Unity Healthcare,0,0,0,0,0,0,1,1,100,1,0,0,0
University Health Board,0,0,0,0,0,0,1,1,0,0,0,1,0
University Hospitals Coventry and Warwickshire NHS Trust,0,0,0,0,0,0,1,1,100,1,0,0,0
University Hospitals of Leicester NHS Trust,0,0,0,0,0,0,1,1,100,1,0,0,0
Royal Hospital School,0,0,0,0,0,0,1,1,0,0,0,1,0
Vita health Group : Kent and Medway Talking Therapies,0,0,0,0,0,0,1,1,100,1,0,0,0
Warwickshire County Council,0,0,0,0,0,0,1,1,0,0,1,0,0
Warwickshire County Council – Children with Disabilities team,0,0,0,0,0,0,1,1,0,0,1,0,0
West London NHS Trust,0,0,0,0,0,0,1,1,100,1,0,0,0
West Northamptonshire Council,0,0,0,0,0,0,1,1,100,1,0,0,0
Wheelchair Accessible Vehicle Converters Association,0,0,0,0,0,0,1,1,0,0,0,1,0
Worcestershire County Council,0,0,0,0,0,0,1,1,100,1,0,0,0
Yorkshire Ambulance Service NHS Trust,0,0,0,0,0,0,1,1,0,0,0,1,0
Velindre University NHS Trust,0,0,0,0,0,0,1,1,0,0,1,0,0
Sai SKN Ltd,0,0,0,0,0,0,1,1,100,1,0,0,0
Sanctuary Housing Association,0,0,0,0,0,0,1,1,0,0,0,1,0
Belle Green Court Care Home,0,0,0,1,0,0,0,1,100,1,0,0,0
Serco Prison Transport Services,0,0,0,0,0,0,1,1,100,1,0,0,0
Society of Motor Manufacturers and Traders,0,0,0,0,0,0,1,1,0,0,1,0,0
Sundon Medical Centre,0,0,0,0,0,0,1,1,100,1,0,0,0
Sussex Community NHS Foundation Trust,0,0,0,0,0,0,1,1,100,1,0,0,0
The Wheelchair Alliance,0,0,0,0,0,0,1,1,0,0,0,1,0
The Care Bureau,0,0,0,0,0,0,1,1,100,1,0,0,0
The Chief Constable of Humberside Police,0,0,0,0,0,0,1,1,100,1,0,0,0
The Crescent Surgery,0,0,0,0,0,0,1,1,100,1,0,0,0
The Gambling Commission,0,0,0,0,0,0,1,1,100,1,0,0,0
The Governor of HM Prison Parc,0,0,0,0,0,0,1,1,0,0,0,1,0
The Practice Plus Group,0,0,0,0,0,0,1,1,100,1,0,0,0
The Royal College of Emergency Medicine (‘RCEM’),0,0,0,0,0,0,1,1,100,1,0,0,0
The Scouting Association,0,0,0,0,0,0,1,1,100,1,0,0,0
Telemedicine Clinic Limited,0,0,0,0,0,0,1,1,100,1,0,0,0
"Chief Executive, East Cheshire NHS Trust",0,0,0,0,0,0,1,1,100,1,0,0,0
Choice Support,0,0,0,0,0,0,1,1,100,1,0,0,0
Cleveland Police,0,0,0,0,0,0,1,1,100,1,0,0,0
Coastal Homecare,0,0,0,0,0,0,1,1,100,1,0,0,0
Colchester General Hospital,0,0,0,0,0,0,1,1,0,0,1,0,0
College of General Practitioners,0,0,0,0,0,0,1,1,100,1,0,0,0
County Durham and Darlington NHS Foundation Trust,0,0,0,0,0,0,1,1,100,1,0,0,0
NHS Cornwall and Isles of Scilly Integrated Care Board,0,0,0,0,0,0,1,1,100,1,0,0,0
Curo Care Delahey’s,0,0,0,0,0,0,1,1,100,1,0,0,0
Cyngor Sir Powys County Council,0,0,0,0,0,0,1,1,100,1,0,0,0
Darlington Borough Council,0,0,0,0,0,0,1,1,0,0,0,1,0
"Department for Prison, Probation and Reducing Reoffending",0,0,0,0,0,0,1,1,0,0,0,1,0
Department for Women’s Health and Metal Health,0,0,0,0,0,0,1,1,100,1,0,0,0
Derby City Council,0,0,0,0,0,0,1,1,0,0,1,0,0
Derbyshire County Council,0,0,0,0,0,0,1,1,0,0,1,0,0
Dorset Healthcare NHS Trust,0,0,0,0,0,0,1,1,0,0,1,0,0
Curaleaf Clinic,0,0,0,0,0,0,1,1,100,1,0,0,0
Bannau Brycheiniog National Park,0,0,0,0,0,0,1,1,100,1,0,0,0
Barnsley Community Academy,0,0,0,0,0,0,1,1,100,1,0,0,0
Barnsley Metropolitan Borough Council,0,0,0,0,0,0,1,1,100,1,0,0,0
Basildon Hospital (Mid & South Essex NHS Trust),0,0,0,0,0,0,1,1,100,1,0,0,0
British Association for the study of the Liver,0,0,0,0,0,0,1,1,0,0,1,0,0
British Diving Safety Group,0,0,0,0,0,0,1,1,100,1,0,0,0
British Health Trades Association,0,0,0,0,0,0,1,1,0,0,0,1,0
Chief Executive of the General Medical Council (GMC),0,0,0,0,0,0,1,1,0,0,1,0,0
Broomwell Health Watch LYD,0,0,0,0,0,0,1,1,100,1,0,0,0
Canal & River Trust,0,0,0,0,0,0,1,1,0,0,0,1,0
Cann House,0,0,0,0,0,0,1,1,0,0,1,0,0
Careline365,0,0,0,0,0,0,1,1,100,1,0,0,0
Caring UK,0,0,0,0,0,0,1,1,100,1,0,0,0
Chelsea and Westminster Hospital NHS Foundation Trust,0,0,0,0,0,0,1,1,100,1,0,0,0
Chief Constable for the Gloucestershire Constabulary,0,0,0,0,0,0,1,1,0,0,0,1,0
Chief Executive of Dorset Healthcare University NHS Foundation Trust (DHUFT),0,0,0,0,0,0,1,1,0,0,1,0,0
British Transport Police,0,0,0,0,0,0,1,1,100,1,0,0,0
Joint Royal Colleges Ambulance Liaison Committee,0,0,0,0,0,0,1,1,100,1,0,0,0
Kent & Medway NHS Mental Health Trust,0,0,0,0,0,0,1,1,0,0,0,1,0
Level Crossing and Public Safety,0,0,0,0,0,0,1,1,0,0,1,0,0
Local Government Association,0,0,0,0,0,0,1,1,0,0,0,1,0
Luton Community Housing Ltd,0,0,0,0,0,0,1,1,100,1,0,0,0
Medicines UK,0,0,0,0,0,0,1,1,100,1,0,0,0
Medtronic Limited,0,0,0,0,0,0,1,1,100,1,0,0,0
Dorset Police,0,0,0,0,0,0,1,1,0,0,1,0,0
Metroplolis,0,0,0,0,0,0,1,1,100,1,0,0,0
Metropolis,0,0,0,0,0,0,1,1,0,0,0,1,0
Mid Yorkshire Teaching NHS Trust,0,0,0,0,0,0,1,1,100,1,0,0,0
Middleton Lodge Practice,0,0,0,0,0,0,1,1,100,1,0,0,0
Moss Farm,0,0,0,0,0,0,1,1,100,1,0,0,0
Mulberry Court Care Home,0,0,0,0,0,0,1,1,100,1,0,0,0
Royal Borough of Greenwich,0,0,0,0,0,1,0,1,0,0,1,0,0
NHS Blood and Transplant,0,0,0,0,0,0,1,1,100,1,0,0,0
Mental Health Directorate,0,0,0,0,0,0,1,1,100,1,0,0,0
Durham Police,0,0,0,0,0,0,1,1,100,1,0,0,0
East Suffolk & North Essex NHS Trust,0,0,0,0,0,0,1,1,100,1,0,0,0
East Sussex Healthcare NHS Trust,0,0,0,0,0,0,1,1,100,1,0,0,0
East of England Ambulance NHS Trust,0,0,0,0,0,0,1,1,100,1,0,0,0
East of England Ambulance Service NHS Trust,0,0,0,0,0,0,1,1,100,1,0,0,0
Ebay,0,0,0,0,0,0,1,1,100,1,0,0,0
Fold Nightclub,0,0,0,0,0,0,1,1,100,1,0,0,0
George Eliot Hospital NHS Trust,0,0,0,0,0,0,1,1,100,1,0,0,0
Isle of Wight NHS Trust,0,0,0,0,0,0,1,1,100,1,0,0,0
Greater Manchester Medicines Management Group,0,0,0,0,0,0,1,1,100,1,0,0,0
HM Prison Bedford,0,0,0,0,0,0,1,1,100,1,0,0,0
HM Prison Lincoln,0,0,0,0,0,0,1,1,100,1,0,0,0
HM Prison Nottingham,0,0,0,0,0,0,1,1,0,0,0,1,0
HM Prison Swaleside,0,0,0,0,0,0,1,1,100,1,0,0,0
HUTH,0,0,0,0,0,0,1,1,100,1,0,0,0
Haleon UK Trading Limited,0,0,0,0,0,0,1,1,0,0,0,1,0
Ignite Health and Homecare Services,0,0,0,0,0,0,1,1,100,1,0,0,0
Great Ormond Street Hospital for Children NHS Foundation Trust,0,0,0,0,0,0,1,1,100,1,0,0,0
Difficult Airway Society,0,0,0,0,0,1,0,1,0,0,1,0,0
Devon Integrated Care Board,0,0,0,0,0,1,0,1,0,0,1,0,0
Devon ICB,0,0,0,0,0,1,0,1,100,1,0,0,0
Deliveroo,0,0,0,0,0,1,0,1,100,1,0,0,0
Daryel Care,0,0,0,0,0,1,0,1,100,1,0,0,0
Dalton Surgery,0,0,0,0,0,1,0,1,100,1,0,0,0
Cyngor Bwrdeistref Sirol Pen-y-Bont ar Ogwr,0,0,0,0,0,1,0,1,0,0,1,0,0
Cumbria Health Limited,0,0,0,0,0,1,0,1,100,1,0,0,0
Croydon University Hospital,0,0,0,0,0,1,0,1,0,0,0,1,0
Croydon Council,0,0,0,0,0,1,0,1,100,1,0,0,0
Crown Commercial Services,0,0,0,0,0,1,0,1,0,0,1,0,0
Crisis Resolution Team,0,0,0,0,0,1,0,1,0,0,1,0,0
County Durham & Darlington NHS Foundation Trust,0,0,0,0,0,1,0,1,100,1,0,0,0
Complex Spine Clinic,0,0,0,0,0,1,0,1,100,1,0,0,0
Circle Health Group Ltd,0,0,0,0,0,1,0,1,100,1,0,0,0
Maylands Healthcare Surgery,0,0,0,0,0,1,0,1,100,1,0,0,0
Castlegate & Derwent Surgery,0,0,0,0,0,1,0,1,100,1,0,0,0
Chartered Insurance Institute,0,0,0,0,0,1,0,1,0,0,1,0,0
Chesterfield Borough Council,0,0,0,0,0,1,0,1,100,1,0,0,0
Chief Constable Greater Manchester Police,0,0,0,0,0,1,0,1,0,0,1,0,0
Chief Executive Hertfordshire County Council,0,0,0,0,0,1,0,1,100,1,0,0,0
Chief Executive North West Ambulance Service,0,0,0,0,0,1,0,1,0,0,1,0,0
Chief Executive Of Aneurin Bevan University Health Board,0,0,0,0,0,1,0,1,0,0,1,0,0
"Chief Nursing Officer, NHS North-East London Integrated Care Board",0,0,0,0,0,1,0,1,0,0,0,1,0
Chief Executive Oldham Borough Council,0,0,0,0,0,1,0,1,0,0,1,0,0
Chief Executive Pennine Care NHS Foundation Trust,0,0,0,0,0,1,0,1,0,0,1,0,0
Chief Executive Whittington Health NHS Trust Whittington Hospital,0,0,0,0,0,1,0,1,0,0,0,1,0
Chief Executive of Cheshire and Wirral Partnership NHS Trust,0,0,0,0,0,1,0,1,0,0,0,1,0
Chief Executive of Worcestershire County Council,0,0,0,0,0,1,0,1,0,0,0,1,0
Chief Executive – Hull Royal Infirmary,0,0,0,0,0,1,0,1,0,0,0,1,0
"Chief Executive, Integrated Care Board",0,0,0,0,0,1,0,1,0,0,1,0,0
Chief Medical Officer for North West Anglia Foundation Trust,0,0,0,0,0,1,0,1,0,0,0,1,0
Chief Executive Of Velindre University Nhs Trust,0,0,0,0,0,1,0,1,0,0,1,0,0
HM Prison Berwyn,0,0,0,0,0,1,0,1,0,0,0,1,0
HM Prison Belmarsh,0,0,0,0,0,1,0,1,0,0,1,0,0
HM Prison & Probation Service,0,0,0,0,0,1,0,1,100,1,0,0,0
HCRG Care Group,0,0,0,0,0,1,0,1,100,1,0,0,0
HCRG,0,0,0,0,0,1,0,1,0,0,1,0,0
Green Range Limited,0,0,0,0,0,1,0,1,100,1,0,0,0
Greater Manchester Combined Authority,0,0,0,0,0,1,0,1,100,1,0,0,0
Great Western Hospitals NHS Foundation Trust,0,0,0,0,0,1,0,1,0,0,0,1,0
Granddwell Estates,0,0,0,0,0,1,0,1,100,1,0,0,0
Google,0,0,0,0,0,1,0,1,100,1,0,0,0
General Chiropractic Council,0,0,0,0,0,1,0,1,100,1,0,0,0
G4S Care & Justice Services UK Ltd,0,0,0,0,0,1,0,1,0,0,1,0,0
"Foreign, Commonwealth and Development Office",0,0,0,0,0,1,0,1,0,0,1,0,0
Food Standards Agency,0,0,0,0,0,1,0,1,0,0,1,0,0
Flixton Road Medical Centre,0,0,0,0,0,1,0,1,100,1,0,0,0
Dorset Council,0,0,0,0,0,1,0,1,100,1,0,0,0
Durham Constabulary,0,0,0,0,0,1,0,1,100,1,0,0,0
ERYC Highways Department,0,0,0,0,0,1,0,1,100,1,0,0,0
East Kent Hospitals NHS Trust,0,0,0,0,0,1,0,1,100,1,0,0,0
East Lancashire Hospitals NHS Trust,0,0,0,0,0,1,0,1,100,1,0,0,0
East London Cooperatives Ltd,0,0,0,0,0,1,0,1,100,1,0,0,0
East Riding Council,0,0,0,0,0,1,0,1,0,0,1,0,0
Eastcroft Nursing Home,0,0,0,0,0,1,0,1,100,1,0,0,0
Fixodent,0,0,0,0,0,1,0,1,100,1,0,0,0
Egton Medical Information Systems,0,0,0,0,0,1,0,1,0,0,0,1,0
Electricity Networks Association,0,0,0,0,0,1,0,1,100,1,0,0,0
Emergency Call Prioritisation Advisory Group,0,0,0,0,0,1,0,1,0,0,0,1,0
Energy Institute,0,0,0,0,0,1,0,1,0,0,1,0,0
European Aviation Safety Agency,0,0,0,0,0,1,0,1,0,0,1,0,0
European Union Aviation Safety Authority,0,0,0,0,0,1,0,1,100,1,0,0,0
Faculty of Sport and Exercise Medicine UK,0,0,0,0,0,1,0,1,0,0,1,0,0
Financial Conduct Authority,0,0,0,0,0,1,0,1,0,0,1,0,0
Education and Children’s Community Health,0,0,0,0,0,1,0,1,0,0,0,1,0
"Association of Directors of Environment, Economy, Planning & Transport",0,0,0,0,0,1,0,1,100,1,0,0,0
Association of Coloproctology of Great Britain,0,0,0,0,0,1,0,1,100,1,0,0,0
Association of British Travel Agents,0,0,0,0,0,1,0,1,100,1,0,0,0
Association of British Insurers,0,0,0,0,0,1,0,1,0,0,1,0,0
Association for Petroleum and Explosives Administration,0,0,0,0,0,1,0,1,0,0,1,0,0
Associated British Ports,0,0,0,0,0,1,0,1,100,1,0,0,0
Aspray House Nursing Home,0,0,0,0,0,1,0,1,100,1,0,0,0
Ashton Lodge Care Home,0,0,0,0,0,1,0,1,100,1,0,0,0
Arts University Bournemouth,0,0,0,0,0,1,0,1,100,1,0,0,0
All Care In One Ltd,0,0,0,0,0,1,0,1,100,1,0,0,0
Alexandra Homes Ltd,0,0,0,0,0,1,0,1,100,1,0,0,0
Alexandra & Crestview Surgeries,0,0,0,0,0,1,0,1,100,1,0,0,0
Affinity Water,0,0,0,0,0,1,0,1,100,1,0,0,0
Advisory Council on the Misuse of Drugs,0,0,0,0,0,1,0,1,100,1,0,0,0
Addison House Surgery,0,0,0,0,0,1,0,1,100,1,0,0,0
Cardiff & Vale University Health Board,0,0,0,0,0,1,0,1,100,1,0,0,0
Sheffield Teaching Hospitals NHS Foundation Trust,0,0,0,1,0,0,0,1,100,1,0,0,0
Cardinal Health,0,0,0,0,1,0,0,1,100,1,0,0,0
Doncaster Council,0,0,0,0,1,0,0,1,0,0,0,1,0
Elysium Healthcare,0,0,0,0,1,0,0,1,100,1,0,0,0
Northumberland County Council,0,0,0,0,0,0,1,1,100,1,0,0,0
The Commissioner of the Metropolitan Police,0,0,0,0,0,0,1,1,100,1,0,0,0
"Secretary of State for building safety, fire and construction regulations",0,0,0,0,0,0,1,1,100,1,0,0,0
Acer Mews Care Home,0,0,0,0,0,1,0,1,0,0,0,1,0
the Chief Executive HUTH,0,0,0,0,0,0,1,1,100,1,0,0,0
Hounslow Council,0,0,0,0,1,0,0,1,100,1,0,0,0
Cardiff Citu Council,0,0,0,1,0,0,0,1,100,1,0,0,0
Royal Devon University Healthcare NHS Foundation Trust,0,0,0,0,1,0,0,1,100,1,0,0,0
1st Care 4U,0,0,0,0,0,1,0,1,0,0,1,0,0
49 Marine Avenue Surgery,0,0,0,0,0,1,0,1,100,1,0,0,0
ASHTON MEDICAL PRACTICE,0,0,0,0,0,1,0,1,0,0,1,0,0
Abbey Place Nursing Home,0,0,0,0,0,1,0,1,100,1,0,0,0
Oxfordshire County Council,0,0,0,0,1,0,0,1,100,1,0,0,0
Cardiac Risk in the Young (CRY),0,0,0,0,0,1,0,1,0,0,1,0,0
Capital Care Group,0,0,0,0,0,1,0,1,100,1,0,0,0
Cambridgeshire and Peterborough ICB,0,0,0,0,0,1,0,1,100,1,0,0,0
Cambridgeshire Constabulary,0,0,0,0,0,1,0,1,0,0,1,0,0
Cabinet Secretary for Health and Social Care,0,0,0,0,0,1,0,1,0,0,1,0,0
Cabinet Office,0,0,0,0,0,1,0,1,0,0,0,1,0
CGL (Ealing RISE),0,0,0,0,0,1,0,1,100,1,0,0,0
Brooker Group Limited,0,0,0,0,0,1,0,1,100,1,0,0,0
British Sub Aqua Association,0,0,0,0,0,1,0,1,0,0,1,0,0
British Society of Gastroenterology,0,0,0,0,0,1,0,1,100,1,0,0,0
British Society for Haematology (BSH),0,0,0,0,0,1,0,1,0,0,1,0,0
British Association of Perinatal Medicine,0,0,0,0,0,1,0,1,100,1,0,0,0
British Association for Counselling and Psychotherapy,0,0,0,0,0,1,0,1,100,1,0,0,0
British Airline Pilots’ Association,0,0,0,0,0,1,0,1,0,0,1,0,0
British Aerosol Manufacturers Association,0,0,0,0,0,1,0,1,100,1,0,0,0
Attleborough Surgery,0,0,0,0,0,1,0,1,100,1,0,0,0
Avon and Somerset Police,0,0,0,0,0,1,0,1,100,1,0,0,0
BARCHESTER HEALTHCARE LIMITED,0,0,0,0,0,1,0,1,100,1,0,0,0
BARDOC,0,0,0,0,0,1,0,1,100,1,0,0,0
BT,0,0,0,0,0,1,0,1,0,0,0,1,0
Bamford Grange Care Home,0,0,0,0,0,1,0,1,0,0,1,0,0
Barchester Healthcare Ltd,0,0,0,0,0,1,0,1,100,1,0,0,0
Basildon Car Park Management,0,0,0,0,0,1,0,1,100,1,0,0,0
Brake,0,0,0,0,0,1,0,1,0,0,1,0,0
Bedford General Hospital,0,0,0,0,0,1,0,1,0,0,1,0,0
Bedford Hospitals NHS Foundation Trust,0,0,0,0,0,1,0,1,100,1,0,0,0
Bedfordshire Hospitals NHS Foundation Trust,0,0,0,0,0,1,0,1,0,0,1,0,0
Birchill’s Health Centre,0,0,0,0,0,1,0,1,100,1,0,0,0
Black Country Healthcare NHS Foundation Trust,0,0,0,0,0,1,0,1,100,1,0,0,0
Boomtown Festival,0,0,0,0,0,1,0,1,0,0,1,0,0
Bradford District Care NHS Foundation Trust,0,0,0,0,0,1,0,1,100,1,0,0,0
Bradford Teaching Hospitals NHS Foundation Trust,0,0,0,0,0,1,0,1,100,1,0,0,0
Beccles Medical Centre,0,0,0,0,0,1,0,1,100,1,0,0,0
Neonatal Network,0,0,0,0,0,1,0,1,100,1,0,0,0
National Register of Communication Professionals working with Deaf and Deafblind people (NRCPD),0,0,0,0,0,1,0,1,100,1,0,0,0
National Director FOR Mental Health,0,0,0,0,0,1,0,1,0,0,1,0,0
NRS Healthcare,0,0,0,0,0,1,0,1,100,1,0,0,0
NHS West Yorkshire Integrated Care Board,0,0,0,0,0,1,0,1,100,1,0,0,0
NHS University Hospitals Trust Plymouth,0,0,0,0,0,1,0,1,100,1,0,0,0
NHS Sussex Integrated Care Board,0,0,0,0,0,1,0,1,100,1,0,0,0
NHS Sussex,0,0,0,0,0,1,0,1,100,1,0,0,0
NHS Staffordshire and Stoke-on-Trent ICB,0,0,0,0,0,1,0,1,0,0,1,0,0
NHS South Yorkshire Integrated Care Board,0,0,0,0,0,1,0,1,100,1,0,0,0
NHS South West London Integrated Care Board,0,0,0,0,0,1,0,1,100,1,0,0,0
"NHS Shropshire, Telford and Wrekin ICB",0,0,0,0,0,1,0,1,0,0,1,0,0
NHS North West London Integrated Care Board,0,0,0,0,0,1,0,1,100,1,0,0,0
NHS Mid and South Essex Integrated Care Board,0,0,0,0,0,1,0,1,100,1,0,0,0
NHS Lancashire and South Cumbria Integrated Care Board,0,0,0,0,0,1,0,1,0,0,1,0,0
HM Prison Guys Marsh,0,0,0,0,0,1,0,1,100,1,0,0,0
Milton Keynes Urgent Care Service,0,0,0,0,0,1,0,1,100,1,0,0,0
Minster Care Group,0,0,0,0,0,1,0,1,0,0,1,0,0
MoJ,0,0,0,0,0,1,0,1,0,0,1,0,0
Monmouthshire County Council,0,0,0,0,0,1,0,1,100,1,0,0,0
Moorbridge School,0,0,0,0,0,1,0,1,100,1,0,0,0
Mountfield Surgery,0,0,0,0,0,1,0,1,100,1,0,0,0
"Mr Nick Mallaband, Acting Chief Medical Director, Doncaster & Bassetlaw NHS Foundation Trust",0,0,0,0,0,1,0,1,0,0,0,1,0
NHS Kent and Medway Integrated Care Board,0,0,0,0,0,1,0,1,100,1,0,0,0
NEATH PORT TALBOT COUNCIL,0,0,0,0,0,1,0,1,100,1,0,0,0
NHS Birmingham and Solihull ICB,0,0,0,0,0,1,0,1,0,0,1,0,0
NHS Black Country ICB,0,0,0,0,0,1,0,1,0,0,1,0,0
NHS Cornwall and Isles of Scilly ICB,0,0,0,0,0,1,0,1,100,1,0,0,0
NHS Coventry and Warwickshire ICB,0,0,0,0,0,1,0,1,0,0,1,0,0
NHS Dorset Integrated Care Board,0,0,0,0,0,1,0,1,100,1,0,0,0
NHS Herefordshire and Worcestershire ICB,0,0,0,0,0,1,0,1,0,0,1,0,0
NHS Hertfordshire and West Essex Integrated Care Board,0,0,0,0,0,1,0,1,100,1,0,0,0
Musgrove Park Hospital,0,0,0,0,0,1,0,1,100,1,0,0,0
Rotherham Metropolitan Borough Council,0,0,0,0,0,1,0,1,0,0,1,0,0
Road (Highways Safety) related deaths,0,0,0,0,0,1,0,1,0,0,1,0,0
Riversdale Care Home,0,0,0,0,0,1,0,1,100,1,0,0,0
Revon Healthcare,0,0,0,0,0,1,0,1,100,1,0,0,0
Resuscitation Council UK,0,0,0,0,0,1,0,1,0,0,1,0,0
Resus Council UK,0,0,0,0,0,1,0,1,100,1,0,0,0
Redcar Council,0,0,0,0,0,1,0,1,100,1,0,0,0
Red Oaks Care Community,0,0,0,0,0,1,0,1,100,1,0,0,0
Rail Safety Board,0,0,0,0,0,1,0,1,100,1,0,0,0
RCRP Strategic Partnership Board,0,0,0,0,0,1,0,1,100,1,0,0,0
Queen Mary’s University of London,0,0,0,0,0,1,0,1,100,1,0,0,0
Provident Housing,0,0,0,0,0,1,0,1,0,0,1,0,0
Primary Care NHS Devon,0,0,0,0,0,1,0,1,0,0,1,0,0
Prestwick Care,0,0,0,0,0,1,0,1,0,0,1,0,0
President of the Royal College of General Practitioners,0,0,0,0,0,1,0,1,100,1,0,0,0
Newham Council,0,0,0,0,0,1,0,1,0,0,1,0,0
North Court Care Home – Maven Healthcare,0,0,0,0,0,1,0,1,100,1,0,0,0
North East Ambulance Service NHS Foundation Trust,0,0,0,0,0,1,0,1,100,1,0,0,0
North Staffordshire Combined Healthcare NHS Trust,0,0,0,0,0,1,0,1,100,1,0,0,0
North West Anglia NHS Foundation Trust,0,0,0,0,0,1,0,1,100,1,0,0,0
Northampton General Hospital,0,0,0,0,0,1,0,1,100,1,0,0,0
Northampton General Hospital NHS Trust,0,0,0,0,0,1,0,1,100,1,0,0,0
Northamptonshire Children Safeguarding Partnership,0,0,0,0,0,1,0,1,100,1,0,0,0
Pendine Park Care Organisation,0,0,0,0,0,1,0,1,100,1,0,0,0
Northumberland Children’s and Adults Safeguarding Partnership,0,0,0,0,0,1,0,1,100,1,0,0,0
Nottinghamshire Police,0,0,0,0,0,1,0,1,100,1,0,0,0
Oak Tree Mews Care Home,0,0,0,0,0,1,0,1,100,1,0,0,0
Ofcom,0,0,0,0,0,1,0,1,100,1,0,0,0
Officer of the College of Policing,0,0,0,0,0,1,0,1,100,1,0,0,0
Oldham Council,0,0,0,0,0,1,0,1,100,1,0,0,0
Optum,0,0,0,0,0,1,0,1,100,1,0,0,0
Oracle,0,0,0,0,0,1,0,1,100,1,0,0,0
Northamptonshire Police,0,0,0,0,0,1,0,1,100,1,0,0,0
Just Eats,0,0,0,0,0,1,0,1,100,1,0,0,0
James Paget University NHS Foundation Trust,0,0,0,0,0,1,0,1,100,1,0,0,0
International Academies of Emergency Dispatch,0,0,0,0,0,1,0,1,100,1,0,0,0
Internation Scientific Supplies Ltd,0,0,0,0,0,1,0,1,100,1,0,0,0
Integrated Care Board (NHS North East and North Cumbria),0,0,0,0,0,1,0,1,100,1,0,0,0
Integrated Care Board,0,0,0,0,0,1,0,1,0,0,1,0,0
Inspire You Care Ltd,0,0,0,0,0,1,0,1,100,1,0,0,0
IPRS Aeromed,0,0,0,0,0,1,0,1,0,0,1,0,0
Hull Royal Infirmary,0,0,0,0,0,1,0,1,100,1,0,0,0
Howlish Hall Care Home,0,0,0,0,0,1,0,1,0,0,1,0,0
"Hospital Manager, Goring Hall",0,0,0,0,0,1,0,1,0,0,1,0,0
Homerton Healthcare NHS Foundation Trust,0,0,0,0,0,1,0,1,100,1,0,0,0
Home Group Limited,0,0,0,0,0,1,0,1,100,1,0,0,0
Holderness Health – Hedon Group Practice.,0,0,0,0,0,1,0,1,100,1,0,0,0
Holcroft Grange,0,0,0,0,0,1,0,1,0,0,1,0,0
Milton Keynes City Council,0,0,0,0,0,1,0,1,100,1,0,0,0
HM Prison High Down,0,0,0,0,0,1,0,1,0,0,1,0,0
HM Prison Leeds,0,0,0,0,0,1,0,1,0,0,0,1,0
HM Prison Rochester,0,0,0,0,0,1,0,1,100,1,0,0,0
HM Prison Wymott,0,0,0,0,0,1,0,1,100,1,0,0,0
Hampshire County Council,0,0,0,0,0,1,0,1,0,0,1,0,0
Hampshire and IOW Constabulary,0,0,0,0,0,1,0,1,0,0,1,0,0
Harbour Healthcare Ltd,0,0,0,0,0,1,0,1,0,0,0,1,0
His Majesty’s Prison & Probation Service,0,0,0,0,0,1,0,1,0,0,1,0,0
Hatton Traffic Management,0,0,0,0,0,1,0,1,100,1,0,0,0
Health Services Safety Investigations Body,0,0,0,0,0,1,0,1,100,1,0,0,0
Health Services Safety Investigations Body (HSSIB),0,0,0,0,0,1,0,1,0,0,1,0,0
Health and Care Professions Council,0,0,0,0,0,1,0,1,100,1,0,0,0
Hempstead Valley Shopping Centre,0,0,0,0,0,1,0,1,0,0,1,0,0
Hertfordshire County Council,0,0,0,0,0,1,0,1,100,1,0,0,0
High Meadows Care Home,0,0,0,0,0,1,0,1,100,1,0,0,0
Hillcare Group,0,0,0,0,0,1,0,1,100,1,0,0,0
Hartlepool Council,0,0,0,0,0,1,0,1,100,1,0,0,0
London Borough of Richmond upon Thames,0,0,0,0,0,1,0,1,0,0,1,0,0
London Fire Brigade (LFB),0,0,0,0,0,1,0,1,0,0,1,0,0
London Metropolitan Police,0,0,0,0,0,1,0,1,100,1,0,0,0
Lukka Care Homes Limited,0,0,0,0,0,1,0,1,100,1,0,0,0
MAPP,0,0,0,0,0,1,0,1,0,0,1,0,0
MJ Events,0,0,0,0,0,1,0,1,100,1,0,0,0
Malhorta Group,0,0,0,0,0,1,0,1,0,0,1,0,0
Kenny & Murphy Limited,0,0,0,0,0,1,0,1,100,1,0,0,0
Marine Lake Medical Practice,0,0,0,0,0,1,0,1,100,1,0,0,0
Medical Engineer,0,0,0,0,0,1,0,1,100,1,0,0,0
Medicines and Healthcare Projects Regulation Authority,0,0,0,0,0,1,0,1,100,1,0,0,0
Medway NHS Foundation Trust,0,0,0,0,0,1,0,1,100,1,0,0,0
Merthyr Tydfil County Borough Council,0,0,0,0,0,1,0,1,100,1,0,0,0
Metropolitan Police Service (MPS),0,0,0,0,0,1,0,1,100,1,0,0,0
Middlesbrough Council,0,0,0,0,0,1,0,1,100,1,0,0,0
Mills Family Ltd,0,0,0,0,0,1,0,1,100,1,0,0,0
"Managing Director, Sussex Medical Chambers",0,0,0,0,0,1,0,1,0,0,1,0,0
Kent Central Ambulance Service,0,0,0,0,0,1,0,1,100,1,0,0,0
Kent Police,0,0,0,0,0,1,0,1,0,0,1,0,0
Kingston Council,0,0,0,0,0,1,0,1,0,0,1,0,0
Lambeth Council,0,0,0,0,0,1,0,1,0,0,1,0,0
Landlord,0,0,0,0,0,1,0,1,100,1,0,0,0
Leeds City Council,0,0,0,0,0,1,0,1,100,1,0,0,0
Leeds Community Healthcare NHS Trust,0,0,0,0,0,1,0,1,100,1,0,0,0
London Borough of Havering,0,0,0,0,0,1,0,1,0,0,1,0,0
Leeds Teaching Hospitals NHS Trust,0,0,0,0,0,1,0,1,100,1,0,0,0
Leeds and Yorkshire Partnership Foundation Trust (Intensive Supportive Service),0,0,0,0,0,1,0,1,0,0,0,1,0
Leicestershire Partnership NHS Trust,0,0,0,0,0,1,0,1,100,1,0,0,0
Lifestar Medical Limited,0,0,0,0,0,1,0,1,0,0,1,0,0
London Borough of Barking and Dagenham,0,0,0,0,0,1,0,1,0,0,1,0,0
London Borough of Bexley,0,0,0,0,0,1,0,1,0,0,1,0,0
London Borough of Bromley,0,0,0,0,0,1,0,1,100,1,0,0,0
London Borough of Hammersmith & Fulham,0,0,0,0,0,1,0,1,0,0,1,0,0
Leeds Survivor-Led Crisis Service (Leeds OASIS),0,0,0,0,0,1,0,1,0,0,0,1,0
