sent_to,no. PFDs,overdue,pending,completed,partial,% completed
Department of Health and Social Care,164,13,1,122,28,74
NHS England,153,13,2,108,30,71
REDACTED,39,18,1,9,11,23
Department for Transport,33,1,0,25,7,76
Ministry of Justice,28,3,0,12,13,43
Home Office,26,4,0,17,5,65
Care Quality Commission,25,3,0,12,10,48
HM Prison and Probation Service,25,1,0,16,8,64
National Institute for Health and Care Excellence,19,1,0,13,5,68
National Highways,16,0,0,12,4,75
College of Policing,16,0,0,11,5,69
Medicines and Healthcare Products Regulatory Agency,13,4,1,7,1,54
Health and Safety Executive,13,0,0,8,5,62
NHS Greater Manchester Integrated Care Board,9,1,0,8,0,89
Royal College of General Practitioners,9,1,0,8,0,89
Department for Education,9,2,0,3,4,33
National Police Chiefs’ Council,9,0,0,8,1,89
"Ministry of Housing, Communities and Local Government",9,1,0,5,3,56
University Hospitals Birmingham NHS Foundation Trust,9,0,1,8,0,89
Sussex Partnership NHS Foundation Trust,8,0,0,8,0,100
Aneurin Bevan University Health Board,8,1,0,6,1,75
Barts Health NHS Trust,8,2,0,6,0,75
Essex Partnership University NHS Foundation Trust,8,0,0,6,2,75
East Midlands Ambulance Service NHS Trust,8,1,0,6,1,75
Metropolitan Police Service,8,1,0,5,2,62
Royal College of Obstetricians and Gynaecologists,7,1,0,6,0,86
East Suffolk and North Essex NHS Foundation Trust,7,0,0,5,2,71
Practice Plus Group,7,1,0,4,2,57
"Department for Culture, Media and Sport",7,0,0,7,0,100
Royal College of Paediatrics and Child Health,7,0,0,7,0,100
